appid,game_name,filename,status,source_title,source_url,match_score,extract_chars,extract_words
1000030,"Cook, Serve, Delicious! 3?!","1000030_Cook, Serve, Delicious! 3_!.txt",existing,,,,4295,722
1000360,Hellish Quart,1000360_Hellish Quart.txt,existing,,,,818,136
1000410,WRATH: Aeon of Ruin,1000410_WRATH - Aeon of Ruin.txt,existing,,,,8468,1388
1001270,Kebab Chefs! - Restaurant Simulator,,no_match,,,,0,0
1003590,Tetris Effect: Connected,1003590_Tetris Effect - Connected.txt,existing,,,,6524,1086
1009290,SWORD ART ONLINE Alicization Lycoris,,no_match,,,,0,0
1009560,The Tenants,,no_match,,,,0,0
1012790,Into the Radius VR,,no_match,,,,0,0
1013320,Firestone: Online Idle RPG,,no_match,,,,0,0
1016790,West of Dead,,no_match,,,,0,0
1016800,Chernobylite Complete Edition,,no_match,,,,0,0
1016950,Blood Bowl 3,1016950_Blood Bowl 3.txt,existing,,,,16240,2804
1020790,NARUTO X BORUTO Ultimate Ninja STORM CONNECTIONS,,no_match,,,,0,0
1022310,Warhammer Underworlds - Shadespire Edition,,no_match,,,,0,0
1022980,Ostranauts,,no_match,,,,0,0
1028310,BOOK OF HOURS,,no_match,,,,0,0
1029550,Torque Drift,,no_match,,,,0,0
1029690,Sniper Elite 5,1029690_Sniper Elite 5.txt,existing,,,,6942,1097
1029780,Going Medieval,1029780_Going Medieval.txt,existing,,,,2905,423
1030210,Torchlight III,1030210_Torchlight III.txt,existing,,,,7216,1152
1030830,Mafia II: Definitive Edition,1030830_Mafia II - Definitive Edition.txt,existing,,,,22957,3836
1030840,Mafia: Definitive Edition,1030840_Mafia - Definitive Edition.txt,existing,,,,13513,2181
1034140,Subverse,1034140_Subverse.txt,existing,,,,2909,475
1035120,Lust from Beyond,1035120_Lust from Beyond.txt,existing,,,,3393,551
1036240,Definitely Not Fried Chicken,,no_match,,,,0,0
1036890,Shadow Warrior 3: Definitive Edition,,no_match,,,,0,0
1037020,ScourgeBringer,,no_match,,,,0,0
1038250,DIRT 5,,no_match,,,,0,0
1040070,Merchant of the Skies,1040070_Merchant of the Skies.txt,existing,,,,2263,372
1040200,Crime Scene Cleaner,,no_match,,,,0,0
1040420,Dreamscaper,,no_match,,,,0,0
1041720,Kingdoms of Amalur: Re-Reckoning,1041720_Kingdoms of Amalur - Re-Reckoning.txt,existing,,,,28874,4610
1041920,If Found...,1041920_If Found.txt,existing,,,,12886,2167
1042490,Call of the Sea,1042490_Call of the Sea.txt,existing,,,,7518,1308
1043260,Gladiator Guild Manager,,no_match,,,,0,0
1043810,Tactical Breach Wizards,1043810_Tactical Breach Wizards.txt,existing,,,,9697,1561
1044720,Farthest Frontier,,no_match,,,,0,0
1045720,The Coma 2: Vicious Sisters,1045720_The Coma 2 - Vicious Sisters.txt,existing,,,,2027,339
1049410,Superliminal,1049410_Superliminal.txt,existing,,,,9684,1602
1049590,Eternal Return,1049590_Eternal Return.txt,existing,,,,2272,370
1049890,Little Witch Nobeta,1049890_Little Witch Nobeta.txt,existing,,,,2756,440
1051690,Nightmare Reaper,,no_match,,,,0,0
1054490,Wingspan,1054490_Wingspan.txt,existing,,,,15600,2435
1054510,Survivalist: Invisible Strain,,no_match,,,,0,0
1056640,Phantasy Star Online 2 New Genesis,1056640_Phantasy Star Online 2 New Genesis.txt,existing,,,,23356,3839
1057090,Ori and the Will of the Wisps,1057090_Ori and the Will of the Wisps.txt,existing,,,,18539,3143
1057750,The Suicide of Rachel Foster,1057750_The Suicide of Rachel Foster.txt,existing,,,,16750,2650
1058650,Beyond The Wire,,no_match,,,,0,0
1058830,Spin Rhythm XD,,no_match,,,,0,0
1060230,Sapiens,1060230_Sapiens.txt,existing,,,,4307,696
1061910,Metal: Hellsinger,1061910_Metal - Hellsinger.txt,existing,,,,12964,2252
1062110,UNSIGHTED,1062110_UNSIGHTED.txt,existing,,,,10296,1605
1062520,Dinkum,1062520_Dinkum.txt,existing,,,,5117,808
1062810,Inkbound,1062810_Inkbound.txt,existing,,,,1665,267
1063420,Void Crew,1063420_Void Crew.txt,existing,,,,4929,818
1063660,Bendy and the Dark Revival,1063660_Bendy and the Dark Revival.txt,existing,,,,21933,3752
1063730,New World: Aeternum,1063730_New World - Aeternum.txt,existing,,,,10770,1750
1065310,Evil West,1065310_Evil West.txt,existing,,,,6287,999
1066890,Automobilista 2,1066890_Automobilista 2.txt,existing,,,,2323,370
1067540,Röki,1067540_Röki.txt,existing,,,,12911,2232
1069160,SKALD: Against the Black Priory,,no_match,,,,0,0
1069530,Narita Boy,1069530_Narita Boy.txt,existing,,,,3333,547
1069640,This Land Is My Land,1069640_This Land Is My Land.txt,existing,,,,2291,369
1069650,Ultimate Admiral: Age of Sail,,no_match,,,,0,0
1069690,Rogue Lords,,no_match,,,,0,0
1071870,Biped,,no_match,,,,0,0
1072040,Panzer Corps 2,1072040_Panzer Corps 2.txt,existing,,,,2493,404
1073910,Before We Leave,1073910_Before We Leave.txt,existing,,,,2073,351
1075740,Banners of Ruin,,no_match,,,,0,0
1076200,Roguebook,1076200_Roguebook.txt,existing,,,,2559,420
1082430,Before Your Eyes,1082430_Before Your Eyes.txt,existing,,,,10457,1746
1082680,The Walking Dead Onslaught,1082680_The Walking Dead Onslaught.txt,existing,,,,1030,165
1083880,Princess & Conquest,,no_match,,,,0,0
1084160,Jagged Alliance 3,1084160_Jagged Alliance 3.txt,existing,,,,5661,898
1084600,My Time at Sandrock,1084600_My Time at Sandrock.txt,existing,,,,11397,1909
1084640,Chicken Police - Paint it RED!,1084640_Chicken Police - Paint it RED!.txt,existing,,,,4823,765
1086940,Baldur's Gate 3,1086940_Baldur's Gate 3.txt,existing,,,,39227,6115
1087760,The Gunk,1087760_The Gunk.txt,existing,,,,6224,1029
1088710,Yakuza 3 Remastered,,no_match,,,,0,0
1088790,Rebel Inc: Escalation,1088790_Rebel Inc - Escalation.txt,existing,,,,3853,630
1088850,Marvel's Guardians of the Galaxy,1088850_Marvel's Guardians of the Galaxy.txt,existing,,,,27165,4304
1089090,ONE PIECE: PIRATE WARRIORS 4,,no_match,,,,0,0
1089980,The Henry Stickmin Collection,,no_match,,,,0,0
1090630,Granblue Fantasy: Versus,1090630_Granblue Fantasy - Versus.txt,existing,,,,6589,1073
1091500,Cyberpunk 2077,1091500_Cyberpunk 2077.txt,existing,,,,53684,8450
1092790,Inscryption,1092790_Inscryption.txt,existing,,,,18532,3097
1094520,Sands of Salzaar,1094520_Sands of Salzaar.txt,existing,,,,1501,249
1097130,Circuit Superstars,1097130_Circuit Superstars.txt,existing,,,,1458,240
1097150,Fall Guys,1097150_Fall Guys.txt,existing,,,,22387,3649
1097200,Twelve Minutes,1097200_Twelve Minutes.txt,existing,,,,11358,1922
1097350,Weird West: Definitive Edition,,no_match,,,,0,0
1097430,Book of Yog Idle RPG,,no_match,,,,0,0
1099410,A Total War Saga: TROY,,no_match,,,,0,0
1100410,Commandos 2 - HD Remaster,1100410_Commandos 2 - HD Remaster.txt,existing,,,,13377,2239
1101190,Dungeon Defenders: Awakened,1101190_Dungeon Defenders - Awakened.txt,existing,,,,9331,1502
1101790,War Mongrels,,no_match,,,,0,0
1102190,Monster Train,1102190_Monster Train.txt,existing,,,,2549,428
1104280,The Slormancer,,no_match,,,,0,0
1104330,Founders' Fortune,,no_match,,,,0,0
1104380,The Room VR: A Dark Matter,1104380_The Room VR - A Dark Matter.txt,existing,,,,5587,953
1104450,Bombergrounds: Reborn,,no_match,,,,0,0
1105500,Yakuza 4 Remastered,,no_match,,,,0,0
1105510,Yakuza 5 Remastered,,no_match,,,,0,0
1105670,The Last Spell,1105670_The Last Spell.txt,existing,,,,8216,1358
1106840,Hydroneer,,no_match,,,,0,0
1107790,The Complex,1107790_The Complex.txt,existing,,,,774,126
1108370,Ratropolis,,no_match,,,,0,0
1108590,Eldest Souls,,no_match,,,,0,0
1110050,Evan's Remains,,no_match,,,,0,0
1110910,Mortal Shell,1110910_Mortal Shell.txt,existing,,,,3607,581
1111460,小白兔电商~Bunny e-Shop,,no_match,,,,0,0
1112890,Calico,1112890_Calico.txt,existing,,,,2460,406
1113000,Persona 4 Golden,1113000_Persona 4 Golden.txt,existing,,,,48198,8006
1113120,IXION,,no_match,,,,0,0
1113560,NieR Replicant ver.1.22474487139...,1113560_NieR Replicant ver.1.22474487139.txt,existing,,,,30788,4976
1113570,Voice of Cards: The Isle Dragon Roars,1113570_Voice of Cards - The Isle Dragon Roars.txt,existing,,,,13256,2169
1114150,CarX Street,,no_match,,,,0,0
1114220,Gedonia,,no_match,,,,0,0
1115690,"Yes, Your Grace","1115690_Yes, Your Grace.txt",existing,,,,7156,1212
1116580,Shady Part of Me,1116580_Shady Part of Me.txt,existing,,,,857,134
1118240,Lake,1118240_Lake.txt,existing,,,,14751,2281
1118310,RetroArch,1118310_RetroArch.txt,existing,,,,6472,983
1119700,As Far As The Eye,,no_match,,,,0,0
1119730,"Ranch Simulator: Build, Hunt, Farm",,no_match,,,,0,0
1119980,In Sound Mind,1119980_In Sound Mind.txt,existing,,,,1573,263
1120320,Builder Simulator,,no_match,,,,0,0
1120480,The Anacrusis,1120480_The Anacrusis.txt,existing,,,,6282,1030
1120810,Eastern Exorcist,,no_match,,,,0,0
1121640,The Wandering Village,1121640_The Wandering Village.txt,existing,,,,4828,808
1122340,Chef Life: A Restaurant Simulator,,no_match,,,,0,0
1123050,GRIME,,no_match,,,,0,0
1123450,Chicory: A Colorful Tale,1123450_Chicory - A Colorful Tale.txt,existing,,,,9251,1523
1123770,Curse of the Dead Gods,1123770_Curse of the Dead Gods.txt,existing,,,,3461,559
1123830,Farm Manager 2021,,no_match,,,,0,0
1124300,HUMANKIND,,no_match,,,,0,0
1126320,Being a DIK - Season 1,,no_match,,,,0,0
1127500,Mini Motorways,1127500_Mini Motorways.txt,existing,,,,4727,790
1127700,Reverse Collapse: Code Name Bakery,,no_match,,,,0,0
1128810,RISK: Global Domination,,no_match,,,,0,0
1128860,Men of War II,1128860_Men of War II.txt,existing,,,,4390,705
1128920,EVERSPACE 2,,no_match,,,,0,0
1129190,Our Life: Beginnings & Always,,no_match,,,,0,0
1129310,Receiver 2,,no_match,,,,0,0
1129540,Orc Massage,,no_match,,,,0,0
1129580,Medieval Dynasty,1129580_Medieval Dynasty.txt,existing,,,,7245,1152
1130410,Cyber Hook,,no_match,,,,0,0
1133760,CHRONO CROSS: THE RADICAL DREAMERS EDITION,,no_match,,,,0,0
1134100,Frozenheim,,no_match,,,,0,0
1135230,Ember Knights,,no_match,,,,0,0
1135300,King's Bounty II,1135300_King's Bounty II.txt,existing,,,,2430,372
1135690,Unpacking,1135690_Unpacking.txt,existing,,,,4638,747
1135810,Vault of the Void,,no_match,,,,0,0
1136370,Bear and Breakfast,1136370_Bear and Breakfast.txt,existing,,,,3648,572
1137300,Sherlock Holmes Chapter One,1137300_Sherlock Holmes Chapter One.txt,existing,,,,7080,1114
1137460,ALTF4,,no_match,,,,0,0
1138660,Black Book,1138660_Black Book.txt,existing,,,,1528,243
1139900,Ghostrunner,1139900_Ghostrunner.txt,existing,,,,8102,1286
1139940,ATOM RPG Trudograd,,no_match,,,,0,0
1139980,Travellers Rest,,no_match,,,,0,0
1140270,Monster Prom 2: Monster Camp,,no_match,,,,0,0
1140290,Murder by Numbers,1140290_Murder by Numbers.txt,existing,,,,3489,570
1142710,Total War: WARHAMMER III,,no_match,,,,0,0
1143810,Black Skylands,1143810_Black Skylands.txt,existing,,,,997,160
1144200,Ready or Not,1144200_Ready or Not.txt,existing,,,,19592,3154
1144400,Senren＊Banka,,no_match,,,,0,0
1144770,SLUDGE LIFE,,no_match,,,,0,0
1145350,Hades II,1145350_Hades II.txt,existing,,,,16059,2629
1145360,Hades,1145360_Hades.txt,existing,,,,20693,3392
1145960,The White Door,1145960_The White Door.txt,existing,,,,503,92
1146310,Beyond a Steel Sky,1146310_Beyond a Steel Sky.txt,existing,,,,5276,914
1146630,Yokai's Secret,,no_match,,,,0,0
1146970,My Vow to My Liege,,no_match,,,,0,0
1147550,Not For Broadcast,1147550_Not For Broadcast.txt,existing,,,,12958,2041
1147860,UFO 50,1147860_UFO 50.txt,existing,,,,57448,9964
1148590,DOOM 64,1148590_DOOM 64.txt,existing,,,,10848,1808
1148760,I Was a Teenage Exocolonist,1148760_I Was a Teenage Exocolonist.txt,existing,,,,8002,1331
1149460,ICARUS,,no_match,,,,0,0
1149620,Gas Station Simulator,,no_match,,,,0,0
1150080,Azur Lane Crosswave,1150080_Azur Lane Crosswave.txt,existing,,,,30462,4800
1150440,Aliens: Dark Descent,1150440_Aliens - Dark Descent.txt,existing,,,,11550,1833
1150530,Wizard with a Gun,1150530_Wizard with a Gun.txt,existing,,,,2992,476
1150640,Yu-Gi-Oh! Legacy of the Duelist : Link Evolution,,no_match,,,,0,0
1150690,OMORI,1150690_OMORI.txt,existing,,,,17995,2915
1150760,Gloomwood,1150760_Gloomwood.txt,existing,,,,6339,1033
1150950,Timelie,1150950_Timelie.txt,existing,,,,8921,1494
1151340,Fallout 76,1151340_Fallout 76.txt,existing,,,,45248,7371
1151640,Horizon Zero Dawn Complete Edition,1151640_Horizon Zero Dawn Complete Edition.txt,existing,,,,46102,7198
1152340,Book of Travels,1152340_Book of Travels.txt,existing,,,,3661,574
1153640,Chorus,1153640_Chorus.txt,existing,,,,2619,417
1154790,XIII,1154790_XIII.txt,existing,,,,1076,187
1154810,Going Under,1154810_Going Under.txt,existing,,,,7368,1268
1154840,Shadow Empire,1154840_Shadow Empire.txt,existing,,,,3306,518
1155970,Roadwarden,1155970_Roadwarden.txt,existing,,,,3874,622
1157220,Nebuchadnezzar,1157220_Nebuchadnezzar.txt,existing,,,,1375,214
1157390,King Arthur: Knight's Tale,1157390_King Arthur - Knight's Tale.txt,existing,,,,4034,662
1158160,Coral Island,1158160_Coral Island.txt,existing,,,,13541,2113
1158310,Crusader Kings III,1158310_Crusader Kings III.txt,existing,,,,10331,1650
1158370,Aragami 2,1158370_Aragami 2.txt,existing,,,,7131,1206
1158850,The Great Ace Attorney Chronicles,1158850_The Great Ace Attorney Chronicles.txt,existing,,,,10509,1677
1158940,Blazing Sails,,no_match,,,,0,0
1159290,The Bloodline,,no_match,,,,0,0
1159660,Moe Era,,no_match,,,,0,0
1159690,Voidtrain,,no_match,,,,0,0
1160220,Paradise Killer,1160220_Paradise Killer.txt,existing,,,,3937,639
1161580,Hardspace: Shipbreaker,1161580_Hardspace - Shipbreaker.txt,existing,,,,11049,1761
1161590,Punch Club 2: Fast Forward,,no_match,,,,0,0
1162130,Windbound,,no_match,,,,0,0
1162750,Songs of Syx,,no_match,,,,0,0
1163550,Captain Tsubasa: Rise of New Champions,1163550_Captain Tsubasa - Rise of New Champions.txt,existing,,,,5271,824
1163870,Mecha Knights: Nightmare,,no_match,,,,0,0
1164050,When The Past Was Around,,no_match,,,,0,0
1164940,Trepang2,1164940_Trepang2.txt,existing,,,,4332,714
1166290,Death and Taxes,1166290_Death and Taxes.txt,existing,,,,2307,391
1166860,Rival Stars Horse Racing: Desktop Edition,,no_match,,,,0,0
1167140,Siege Survival: Gloria Victis,,no_match,,,,0,0
1167450,DAEMON X MACHINA,,no_match,,,,0,0
1167630,Teardown,1167630_Teardown.txt,existing,,,,27062,4212
1170760,XIII - Classic,,no_match,,,,0,0
1170950,Mortal Online 2,1170950_Mortal Online 2.txt,existing,,,,4472,704
1171690,Wayfinder,1171690_Wayfinder.txt,existing,,,,2515,403
1172450,Carto,1172450_Carto.txt,existing,,,,197,27
1172470,Apex Legends,1172470_Apex Legends.txt,existing,,,,27948,4559
1172620,Sea of Thieves: 2024 Edition,,no_match,,,,0,0
1173200,Metal Unit,,no_match,,,,0,0
1173220,Bleak Faith: Forsaken,,no_match,,,,0,0
1173770,FINAL FANTASY,1173770_FINAL FANTASY.txt,existing,,,,44547,7088
1173780,FINAL FANTASY II,1173780_FINAL FANTASY II.txt,existing,,,,44547,7088
1173790,FINAL FANTASY III,1173790_FINAL FANTASY III.txt,existing,,,,44547,7088
1173800,FINAL FANTASY IV,1173800_FINAL FANTASY IV.txt,existing,,,,44547,7088
1173810,FINAL FANTASY V,1173810_FINAL FANTASY V.txt,existing,,,,44547,7088
1173820,FINAL FANTASY VI,1173820_FINAL FANTASY VI.txt,existing,,,,44547,7088
1176470,Terra Invicta,1176470_Terra Invicta.txt,existing,,,,5977,909
1176710,Space Crew: Legendary Edition,,no_match,,,,0,0
1177980,"Little Kitty, Big City","1177980_Little Kitty, Big City.txt",existing,,,,3107,537
1178030,Star Fetchers,,no_match,,,,0,0
1178490,港詭實錄ParanormalHK,,no_match,,,,0,0
1178830,Bright Memory: Infinite,1178830_Bright Memory - Infinite.txt,existing,,,,3608,589
1179080,FAITH: The Unholy Trinity,,no_match,,,,0,0
1179210,Kill It With Fire,1179210_Kill It With Fire.txt,existing,,,,3344,554
1179680,Wurm Online,1179680_Wurm Online.txt,existing,,,,4471,717
1180320,War of the Three Kingdoms,,no_match,,,,0,0
1180660,Tell Me Why,1180660_Tell Me Why.txt,existing,,,,12239,1986
1181830,Urtuk: The Desolation,,no_match,,,,0,0
1182310,The Excavation of Hob's Barrow,1182310_The Excavation of Hob's Barrow.txt,existing,,,,5160,795
1182620,Impostor Factory,1182620_Impostor Factory.txt,existing,,,,9612,1584
1182900,A Plague Tale: Requiem,1182900_A Plague Tale - Requiem.txt,existing,,,,10355,1709
1184050,Gears Tactics,1184050_Gears Tactics.txt,existing,,,,11539,1884
1184140,KartRider: Drift,1184140_KartRider - Drift.txt,existing,,,,1799,302
1184160,RUSSIAPHOBIA,,no_match,,,,0,0
1184370,Pathfinder: Wrath of the Righteous - Enhanced Edition,,no_match,,,,0,0
1186640,Pumpkin Jack,1186640_Pumpkin Jack.txt,existing,,,,2747,449
1188930,Chrono Ark,,no_match,,,,0,0
1189490,觅长生,,no_match,,,,0,0
1189630,Path Of Wuxia,,no_match,,,,0,0
1190000,Car Mechanic Simulator 2021,1190000_Car Mechanic Simulator 2021.txt,existing,,,,3538,589
1190970,House Flipper 2,1190970_House Flipper 2.txt,existing,,,,2371,385
1191120,Growing Up,,no_match,,,,0,0
1191580,Nexomon,,no_match,,,,0,0
1191630,Shantae and the Seven Sirens,1191630_Shantae and the Seven Sirens.txt,existing,,,,8117,1319
1194630,The Dark Pictures Anthology: Little Hope,1194630_The Dark Pictures Anthology - Little Hope.txt,existing,,,,20446,3059
1194810,Meet Your Maker,1194810_Meet Your Maker.txt,existing,,,,3442,562
1194930,Blackthorn Arena,,no_match,,,,0,0
1196090,Scars Above,1196090_Scars Above.txt,existing,,,,1626,260
1196470,WE ARE FOOTBALL,,no_match,,,,0,0
1196590,Resident Evil Village,1196590_Resident Evil Village.txt,existing,,,,36361,5917
1196630,Nexomon: Extinction,,no_match,,,,0,0
1197570,Until We Die,,no_match,,,,0,0
1198090,The Legend of Heroes: Trails of Cold Steel IV,1198090_The Legend of Heroes - Trails of Cold Steel IV.txt,existing,,,,5144,856
1199030,Tainted Grail: Conquest,1199030_Tainted Grail - Conquest.txt,existing,,,,2835,451
1201230,Immortal Life,,no_match,,,,0,0
1201240,BLEACH Brave Souls,,no_match,,,,0,0
1201270,A Space for the Unbound,1201270_A Space for the Unbound.txt,existing,,,,13405,2209
1201540,HELLCARD,,no_match,,,,0,0
1202130,Starship Troopers: Terran Command,1202130_Starship Troopers - Terran Command.txt,existing,,,,1907,298
1202200,Paleo Pines,1202200_Paleo Pines.txt,existing,,,,2356,377
1202540,Marco & The Galaxy Dragon,,no_match,,,,0,0
1202690,Sex with the Devil,,no_match,,,,0,0
1202900,Assemble with Care,1202900_Assemble with Care.txt,existing,,,,1002,165
1203220,NARAKA: BLADEPOINT,,no_match,,,,0,0
1203620,Enshrouded,1203620_Enshrouded.txt,existing,,,,3362,560
1203630,Record of Lodoss War-Deedlit in Wonder Labyrinth-,,no_match,,,,0,0
1203710,UnMetal,1203710_UnMetal.txt,existing,,,,11736,1937
1205520,Pentiment,1205520_Pentiment.txt,existing,,,,9644,1547
1207590,Builders of Egypt: Prologue,,no_match,,,,0,0
1207650,Suzerain,1207650_Suzerain.txt,existing,,,,7688,1210
1208260,Hentai Vs Furries,,no_match,,,,0,0
1210320,Potion Craft: Alchemist Simulator,1210320_Potion Craft - Alchemist Simulator.txt,existing,,,,5895,932
1211020,Wobbly Life,,no_match,,,,0,0
1213210,Command & Conquer Remastered Collection,1213210_Command & Conquer Remastered Collection.txt,existing,,,,5575,871
1213700,Spirit of the North,1213700_Spirit of the North.txt,existing,,,,2143,343
1213740,She Will Punish Them,,no_match,,,,0,0
1214280,Walking Simulator,,no_match,,,,0,0
1214470,Hotel Renovator,,no_match,,,,0,0
1214650,SOUTH PARK: SNOW DAY!,,no_match,,,,0,0
1216060,DNF Duel,1216060_DNF Duel.txt,existing,,,,4492,731
1216320,Shieldwall,,no_match,,,,0,0
1217060,Gunfire Reborn,1217060_Gunfire Reborn.txt,existing,,,,3078,512
1218210,Coromon,,no_match,,,,0,0
1218250,We Went Back,,no_match,,,,0,0
1220010,Home Behind 2,,no_match,,,,0,0
1220140,Cartel Tycoon,,no_match,,,,0,0
1220150,Blue Fire,,no_match,,,,0,0
12210,Grand Theft Auto IV: The Complete Edition,12210_Grand Theft Auto IV - The Complete Edition.txt,existing,,,,48406,7818
1221250,NORCO,1221250_NORCO.txt,existing,,,,9876,1573
1222140,Detroit: Become Human,1222140_Detroit - Become Human.txt,existing,,,,19542,3086
1222370,Necromunda: Hired Gun,1222370_Necromunda - Hired Gun.txt,existing,,,,7410,1239
1222670,The Sims 4,1222670_The Sims 4.txt,existing,,,,25727,4016
1222680,Need for Speed Heat,1222680_Need for Speed Heat.txt,existing,,,,13174,2229
1222690,Dragon Age Inquisition,1222690_Dragon Age Inquisition.txt,existing,,,,44858,7123
1222700,A Way Out,1222700_A Way Out.txt,existing,,,,10108,1710
1222730,STAR WARS: Squadrons,,no_match,,,,0,0
1223750,Cloud Meadow,,no_match,,,,0,0
1224020,Creepy Tale,,no_match,,,,0,0
1225560,Unravel,1225560_Unravel.txt,existing,,,,10754,1794
1225570,Unravel Two,1225570_Unravel Two.txt,existing,,,,4298,737
1225590,Sea of Solitude,1225590_Sea of Solitude.txt,existing,,,,21158,3317
1226470,Shadow Arena,,no_match,,,,0,0
1226510,Trigon: Space Story,,no_match,,,,0,0
1227280,Despot's Game: Dystopian Battle Simulator,,no_match,,,,0,0
1227530,Partisans 1941,1227530_Partisans 1941.txt,existing,,,,2091,329
1227690,Severed Steel,,no_match,,,,0,0
1227780,Taur,1227780_Taur.txt,existing,,,,171,28
1227890,Summer Memories,,no_match,,,,0,0
1228520,[Chilla's Art] The Convenience Store | 夜勤事件,1228520_[Chilla's Art] The Convenience Store _ 夜勤事件.txt,existing,,,,1922,291
1229380,Everhood,1229380_Everhood.txt,existing,,,,13606,2234
1229490,ULTRAKILL,1229490_ULTRAKILL.txt,existing,,,,8246,1391
1230140,ATRI -My Dear Moments-,1230140_ATRI -My Dear Moments-.txt,existing,,,,6738,1099
1230530,Atlas Fallen: Reign Of Sand,,no_match,,,,0,0
1231990,Gestalt: Steam & Cinder,1231990_Gestalt - Steam & Cinder.txt,existing,,,,2190,331
1232580,Knock on the Coffin Lid,,no_match,,,,0,0
1233260,FAIRY TAIL,,no_match,,,,0,0
1233570,Mirror's Edge Catalyst,1233570_Mirror's Edge Catalyst.txt,existing,,,,14445,2324
1235140,Yakuza: Like a Dragon,1235140_Yakuza - Like a Dragon.txt,existing,,,,22651,3646
1236300,Resident Evil Re:Verse,1236300_Resident Evil Re -Verse.txt,existing,,,,36361,5917
1237320,Sonic Frontiers,1237320_Sonic Frontiers.txt,existing,,,,27034,4297
1237950,STAR WARS Battlefront II,,no_match,,,,0,0
1237970,Titanfall 2,1237970_Titanfall 2.txt,existing,,,,40825,6499
1237980,STAR WARS Battlefront,,no_match,,,,0,0
1238000,Mass Effect: Andromeda Deluxe Edition,,no_match,,,,0,0
1238020,Mass Effect 3 N7 Digital Deluxe Edition (2012),,no_match,,,,0,0
1238040,Dragon Age II: Ultimate Edition,,no_match,,,,0,0
1238060,Dead Space 3,1238060_Dead Space 3.txt,existing,,,,34511,5467
1238080,Burnout Paradise Remastered,1238080_Burnout Paradise Remastered.txt,existing,,,,19629,3261
1238810,Battlefield V,1238810_Battlefield V.txt,existing,,,,19700,3229
1238820,Battlefield 3,1238820_Battlefield 3.txt,existing,,,,24718,4065
1238840,Battlefield 1,1238840_Battlefield 1.txt,existing,,,,37354,6164
1238860,Battlefield 4,1238860_Battlefield 4.txt,existing,,,,35677,5809
1238880,Battlefield Hardline,1238880_Battlefield Hardline.txt,existing,,,,22166,3650
1239080,Door Kickers 2: Task Force North,1239080_Door Kickers 2 - Task Force North.txt,existing,,,,6684,1029
1239520,Madden NFL 21,1239520_Madden NFL 21.txt,existing,,,,8209,1357
1239690,Retrowave,1239690_Retrowave.txt,existing,,,,7477,1155
1240210,There Is No Game: Wrong Dimension,1240210_There Is No Game - Wrong Dimension.txt,existing,,,,13024,2166
1240440,Halo Infinite,1240440_Halo Infinite.txt,existing,,,,23038,3694
1241100,POLYGON,,no_match,,,,0,0
1241510,The Test,,no_match,,,,0,0
1243830,Overcooked! All You Can Eat,1243830_Overcooked! All You Can Eat.txt,existing,,,,8093,1344
1243850,This Bed We Made,,no_match,,,,0,0
1244090,Sea of Stars,1244090_Sea of Stars.txt,existing,,,,20301,3324
1244460,Jurassic World Evolution 2,1244460_Jurassic World Evolution 2.txt,existing,,,,7410,1176
1244630,House Builder,,no_match,,,,0,0
1244800,Terraformers,,no_match,,,,0,0
1244950,Battletoads,1244950_Battletoads.txt,existing,,,,8624,1398
1245430,Golden Light,,no_match,,,,0,0
1245560,Roots of Pacha,1245560_Roots of Pacha.txt,existing,,,,3548,582
1245620,ELDEN RING,,no_match,,,,0,0
1248130,Farming Simulator 22,1248130_Farming Simulator 22.txt,existing,,,,11144,1805
1249040,American Arcadia,1249040_American Arcadia.txt,existing,,,,6986,1153
1249800,Xuan-Yuan Sword VII,,no_match,,,,0,0
1249970,Test Drive Unlimited Solar Crown,1249970_Test Drive Unlimited Solar Crown.txt,existing,,,,4088,666
1250410,Microsoft Flight Simulator 40th Anniversary Edition,,no_match,,,,0,0
1250760,Far Away,,no_match,,,,0,0
1252330,DEATHLOOP,,no_match,,,,0,0
1253920,Rogue Legacy 2,1253920_Rogue Legacy 2.txt,existing,,,,3889,660
1254120,Bless Unleashed,1254120_Bless Unleashed.txt,existing,,,,2478,423
1254370,No one lives under the lighthouse Director's cut,,no_match,,,,0,0
1256670,Library Of Ruina,,no_match,,,,0,0
1257290,Atelier Ryza 2: Lost Legends & the Secret Fairy,1257290_Atelier Ryza 2 - Lost Legends & the Secret Fairy.txt,existing,,,,4798,807
1258080,Shop Titans,,no_match,,,,0,0
1259420,Days Gone,1259420_Days Gone.txt,existing,,,,26105,4221
1259980,RIDE 4,,no_match,,,,0,0
1260320,Party Animals,1260320_Party Animals.txt,existing,,,,4605,765
1260520,Patrick's Parabox,1260520_Patrick's Parabox.txt,existing,,,,3168,555
1261040,Streamer Life Simulator,,no_match,,,,0,0
1262240,Plants vs. Zombies: Battle for Neighborville,1262240_Plants vs. Zombies - Battle for Neighborville.txt,existing,,,,3356,528
1262350,SIGNALIS,1262350_SIGNALIS.txt,existing,,,,5048,798
1262540,Need for Speed,1262540_Need for Speed.txt,existing,,,,40535,6707
1262560,Need for Speed Most Wanted,1262560_Need for Speed Most Wanted.txt,existing,,,,191,33
1262580,Need for Speed Payback,1262580_Need for Speed Payback.txt,existing,,,,8109,1332
1262600,Need for Speed Rivals,1262600_Need for Speed Rivals.txt,existing,,,,17807,2954
1263850,Football Manager 2021,1263850_Football Manager 2021.txt,existing,,,,5175,824
1264250,Fishing: North Atlantic - Enhanced Edition,,no_match,,,,0,0
1264280,Slipways,1264280_Slipways.txt,existing,,,,3075,477
1264670,The Wind Road,,no_match,,,,0,0
1265820,Fights in Tight Spaces,1265820_Fights in Tight Spaces.txt,existing,,,,4224,722
1265920,Life is Strange Remastered,,no_match,,,,0,0
1265930,Life is Strange: Before the Storm Remastered,,no_match,,,,0,0
1266030,The Pale Beyond,1266030_The Pale Beyond.txt,existing,,,,11213,1831
1266540,Ships At Sea,,no_match,,,,0,0
1266700,Destroy All Humans! 2 - Reprobed,1266700_Destroy All Humans! 2 - Reprobed.txt,existing,,,,2370,383
1266840,The Last Stand: Aftermath,,no_match,,,,0,0
1267910,Melvor Idle,,no_match,,,,0,0
1268110,ISEKAI QUEST,,no_match,,,,0,0
1268590,Millennia,1268590_Millennia.txt,existing,,,,1120,174
1268750,Starship Troopers: Extermination,1268750_Starship Troopers - Extermination.txt,existing,,,,4635,743
1269640,Beacon Pines,1269640_Beacon Pines.txt,existing,,,,5975,949
1269950,Buddy Simulator 1984,1269950_Buddy Simulator 1984.txt,existing,,,,1156,185
1270580,Mind Over Magic,,no_match,,,,0,0
1271700,HOT WHEELS UNLEASHED,,no_match,,,,0,0
1271710,LEWDAPOCALYPSE Hentai Evil,,no_match,,,,0,0
1272080,PAYDAY 3,1272080_PAYDAY 3.txt,existing,,,,1261,218
1272160,The Life and Suffering of Sir Brante,1272160_The Life and Suffering of Sir Brante.txt,existing,,,,4215,707
1272320,Diplomacy is Not an Option,,no_match,,,,0,0
1273400,Construction Simulator,,no_match,,,,0,0
1273710,King of Crabs,1273710_King of Crabs.txt,existing,,,,2215,370
1274290,Kidnapped Girl,,no_match,,,,0,0
1274600,The Last Faith,,no_match,,,,0,0
1275670,Outcore: Desktop Adventure,,no_match,,,,0,0
1276760,DRAGON BALL: THE BREAKERS,,no_match,,,,0,0
1276790,Ruined King: A League of Legends Story,1276790_Ruined King - A League of Legends Story.txt,existing,,,,12751,2158
1277400,Monster Hunter Stories 2: Wings of Ruin,1277400_Monster Hunter Stories 2 - Wings of Ruin.txt,existing,,,,6054,1006
1279630,Vampire: The Masquerade - Shadows of New York,1279630_Vampire - The Masquerade - Shadows of New York.txt,existing,,,,8802,1432
1280770,Redmatch 2,,no_match,,,,0,0
1280780,War on the Sea,,no_match,,,,0,0
1280930,Astral Ascent,,no_match,,,,0,0
1281590,The Dark Pictures Anthology: House of Ashes,1281590_The Dark Pictures Anthology - House of Ashes.txt,existing,,,,24644,3936
1281800,Samsara Room,,no_match,,,,0,0
1282100,REMNANT II,,no_match,,,,0,0
1282150,SpongeBob SquarePants: The Cosmic Shake,1282150_SpongeBob SquarePants - The Cosmic Shake.txt,existing,,,,7928,1255
1282200,The Test: Hypothesis Rising,,no_match,,,,0,0
1282210,DEEMO -Reborn-,,no_match,,,,0,0
1282410,Hard West 2,1282410_Hard West 2.txt,existing,,,,2950,463
1282590,Train Sim World 2,1282590_Train Sim World 2.txt,existing,,,,23185,3767
1282690,Crysis 3,1282690_Crysis 3.txt,existing,,,,28102,4604
1282730,Loop Hero,1282730_Loop Hero.txt,existing,,,,6834,1154
1283190,Neighbours back From Hell,1283190_Neighbours back From Hell.txt,existing,,,,4810,827
1283220,Devolverland Expo,,no_match,,,,0,0
1283400,Steelrising,1283400_Steelrising.txt,existing,,,,2325,364
1283410,Tails of Iron,1283410_Tails of Iron.txt,existing,,,,3124,502
1284190,The Planet Crafter,1284190_The Planet Crafter.txt,existing,,,,10405,1591
1284210,Guild Wars 2,1284210_Guild Wars 2.txt,existing,,,,46134,7666
1284410,GWENT: The Witcher Card Game,,no_match,,,,0,0
1285670,Post Void,,no_match,,,,0,0
1286320,Exoprimal,1286320_Exoprimal.txt,existing,,,,9723,1521
1286350,BPM: BULLETS PER MINUTE,,no_match,,,,0,0
1286580,Ship of Fools,1286580_Ship of Fools.txt,existing,,,,1254,193
1286680,Tiny Tina's Wonderlands,1286680_Tiny Tina's Wonderlands.txt,existing,,,,12511,2031
1286710,Hylics 2,1286710_Hylics 2.txt,existing,,,,3430,563
1286830,STAR WARS: The Old Republic,,no_match,,,,0,0
1287840,Disciples: Liberation,,no_match,,,,0,0
1288310,Firework,,no_match,,,,0,0
1288320,Way of the Hunter,,no_match,,,,0,0
1289310,Helltaker,1289310_Helltaker.txt,existing,,,,5092,851
1289380,Sheltered 2,,no_match,,,,0,0
1289810,Siralim Ultimate,,no_match,,,,0,0
1290490,UNBEATABLE [white label],,no_match,,,,0,0
1291340,Townscaper,,no_match,,,,0,0
1292040,STRIDE,1292040_STRIDE.txt,ok,Stride,https://en.wikipedia.org/wiki/Stride,8.00,1272,193
1292940,Cube Escape Collection,,no_match,,,,0,0
1293180,SuchArt: Genius Artist Simulator,,no_match,,,,0,0
1293230,House of Detention,,no_match,,,,0,0
1293820,YOU and ME and HER: A Love Story,,no_match,,,,0,0
1293830,Forza Horizon 4,1293830_Forza Horizon 4.txt,ok,Forza Horizon 4,https://en.wikipedia.org/wiki/Forza_Horizon_4,8.00,14973,2489
1294420,Rollerdrome,1294420_Rollerdrome.txt,ok,Rollerdrome,https://en.wikipedia.org/wiki/Rollerdrome,8.00,4169,657
1294760,HARD BULLET,,no_match,,,,0,0
1294810,Redfall,1294810_Redfall.txt,ok,Redfall,https://en.wikipedia.org/wiki/Redfall,8.00,8356,1352
1295500,"Warhammer 40,000: Battlesector","1295500_Warhammer 40,000 - Battlesector.txt",ok,"Warhammer 40,000: Battlesector","https://en.wikipedia.org/wiki/Warhammer_40,000:_Battlesector",8.00,2488,401
1295510,DRAGON QUEST XI S: Echoes of an Elusive Age - Definitive Edition,,no_match,,,,0,0
1295920,The Mortuary Assistant,1295920_The Mortuary Assistant.txt,ok,The Mortuary Assistant,https://en.wikipedia.org/wiki/The_Mortuary_Assistant,8.00,6834,1118
1296610,Peglin,1296610_Peglin.txt,ok,Peglin,https://en.wikipedia.org/wiki/Peglin,8.00,4836,808
1296770,Her New Memory - Hentai Simulator,,no_match,,,,0,0
1296830,暖雪 Warm Snow,,no_match,,,,0,0
1297300,The Shore,1297300_The Shore.txt,ok,The Shore (video game),https://en.wikipedia.org/wiki/The_Shore_(video_game),6.72,3017,489
1298140,Fobia - St. Dinfna Hotel,,no_match,,,,0,0
1301720,Escape Room - Der kranke Kollege,,no_match,,,,0,0
1302240,Labyrinthine,,no_match,,,,0,0
1304930,The Outlast Trials,1304930_The Outlast Trials.txt,ok,The Outlast Trials,https://en.wikipedia.org/wiki/The_Outlast_Trials,8.00,12806,2071
1306580,Left on Read,,no_match,,,,0,0
1306630,Lost Ruins,1306630_Lost Ruins.txt,ok,Lost Ruins,https://en.wikipedia.org/wiki/Lost_Ruins,8.00,2600,438
1307550,Craftopia,,no_match,,,,0,0
1307580,TOEM: A Photo Adventure,,no_match,,,,0,0
1307710,GRID Legends,1307710_GRID Legends.txt,ok,Grid Legends,https://en.wikipedia.org/wiki/Grid_Legends,8.00,6887,1097
1310330,Goodbye Volcano High,1310330_Goodbye Volcano High.txt,ok,Goodbye Volcano High,https://en.wikipedia.org/wiki/Goodbye_Volcano_High,8.00,2995,487
1310410,Alone in the Dark,1310410_Alone in the Dark.txt,ok,Alone in the Dark,https://en.wikipedia.org/wiki/Alone_in_the_Dark,8.00,13221,2272
1313140,Cult of the Lamb,1313140_Cult of the Lamb.txt,ok,Cult of the Lamb,https://en.wikipedia.org/wiki/Cult_of_the_Lamb,8.00,17370,2904
1313860,EA SPORTS FIFA 21,1313860_EA SPORTS FIFA 21.txt,ok,EA Sports,https://en.wikipedia.org/wiki/EA_Sports,6.15,15429,2632
1314000,Achilles: Legends Untold,1314000_Achilles - Legends Untold.txt,ok,Achilles: Legends Untold,https://en.wikipedia.org/wiki/Achilles:_Legends_Untold,8.00,1412,216
1314140,TramSim Vienna - The Tram Simulator,,no_match,,,,0,0
1316230,Force of Nature 2: Ghost Keeper,,no_match,,,,0,0
1316680,VLADiK BRUTAL,,no_match,,,,0,0
1318690,shapez,,no_match,,,,0,0
1320140,Small Saga,,no_match,,,,0,0
1321440,Cassette Beasts,1321440_Cassette Beasts.txt,ok,Cassette Beasts,https://en.wikipedia.org/wiki/Cassette_Beasts,8.00,8485,1396
1321680,Hello Neighbor 2,1321680_Hello Neighbor 2.txt,ok,Hello Neighbor,https://en.wikipedia.org/wiki/Hello_Neighbor,7.60,12954,2213
1324130,Stranded: Alien Dawn,1324130_Stranded - Alien Dawn.txt,ok,Stranded: Alien Dawn,https://en.wikipedia.org/wiki/Stranded:_Alien_Dawn,8.00,2667,406
1324340,Made in Abyss: Binary Star Falling into Darkness,1324340_Made in Abyss - Binary Star Falling into Darkness.txt,ok,Made in Abyss,https://en.wikipedia.org/wiki/Made_in_Abyss,4.60,11041,1841
1324780,Easy Red 2,1324780_Easy Red 2.txt,ok,Easy Red 2,https://en.wikipedia.org/wiki/Easy_Red_2,8.00,5341,769
1325200,Nioh 2 – The Complete Edition,,no_match,,,,0,0
1326470,Sons Of The Forest,,no_match,,,,0,0
1328350,Turbo Overkill,,no_match,,,,0,0
1328660,Need for Speed Hot Pursuit Remastered,1328660_Need for Speed Hot Pursuit Remastered.txt,ok,Need for Speed: Hot Pursuit (2010 video game),https://en.wikipedia.org/wiki/Need_for_Speed:_Hot_Pursuit_(2010_video_game),6.56,33351,5617
1328670,Mass Effect Legendary Edition,1328670_Mass Effect Legendary Edition.txt,ok,Mass Effect Legendary Edition,https://en.wikipedia.org/wiki/Mass_Effect_Legendary_Edition,8.00,11485,1791
1328840,Lost in Play,1328840_Lost in Play.txt,ok,Lost in Play,https://en.wikipedia.org/wiki/Lost_in_Play,8.00,8884,1450
1329880,Wild West Dynasty,1329880_Wild West Dynasty.txt,ok,Wild West Dynasty,https://en.wikipedia.org/wiki/Wild_West_Dynasty,8.00,1659,267
1330000,Stolen Realm,,no_match,,,,0,0
1330460,Becastled,,no_match,,,,0,0
1330470,F.I.S.T.: Forged In Shadow Torch,1330470_F.I.S.T. - Forged In Shadow Torch.txt,ok,F.I.S.T.: Forged In Shadow Torch,https://en.wikipedia.org/wiki/F.I.S.T.:_Forged_In_Shadow_Torch,8.00,1875,302
1330660,Train Life: A Railway Simulator,,no_match,,,,0,0
1331550,Big Ambitions,,no_match,,,,0,0
1332010,Stray,1332010_Stray.txt,ok,Stray,https://en.wikipedia.org/wiki/Stray,8.00,2221,366
1332720,Thief Simulator 2,,no_match,,,,0,0
1333350,Angel Legion,,no_match,,,,0,0
1334590,Furry Love,,no_match,,,,0,0
1334730,Dread Templar,,no_match,,,,0,0
1335200,Action Taimanin,1335200_Action Taimanin.txt,ok,Action Taimanin,https://en.wikipedia.org/wiki/Action_Taimanin,8.00,3924,624
1335790,Operation: Tango,1335790_Operation - Tango.txt,ok,Operation: Tango,https://en.wikipedia.org/wiki/Operation:_Tango,8.00,1890,291
1335830,Len's Island,,no_match,,,,0,0
1336490,Against the Storm,1336490_Against the Storm.txt,ok,Against the Storm (video game),https://en.wikipedia.org/wiki/Against_the_Storm_(video_game),7.53,4504,716
1337010,Alba: A Wildlife Adventure,1337010_Alba - A Wildlife Adventure.txt,ok,Alba: A Wildlife Adventure,https://en.wikipedia.org/wiki/Alba:_A_Wildlife_Adventure,8.00,2475,401
1337520,Risk of Rain Returns,1337520_Risk of Rain Returns.txt,ok,Risk of Rain,https://en.wikipedia.org/wiki/Risk_of_Rain,6.50,11776,1936
1337760,Potion Permit,1337760_Potion Permit.txt,ok,Potion Permit,https://en.wikipedia.org/wiki/Potion_Permit,8.00,1578,243
1338330,Lemon Cake,,no_match,,,,0,0
1338770,Sniper Ghost Warrior Contracts 2,1338770_Sniper Ghost Warrior Contracts 2.txt,ok,Sniper Ghost Warrior Contracts 2,https://en.wikipedia.org/wiki/Sniper_Ghost_Warrior_Contracts_2,8.00,6028,950
1340480,The Cosmic Wheel Sisterhood,1340480_The Cosmic Wheel Sisterhood.txt,ok,The Cosmic Wheel Sisterhood,https://en.wikipedia.org/wiki/The_Cosmic_Wheel_Sisterhood,8.00,3554,553
1341290,We Were Here Forever,1341290_We Were Here Forever.txt,ok,We Were Here (series),https://en.wikipedia.org/wiki/We_Were_Here_(series),7.62,10365,1770
1341820,As Dusk Falls,1341820_As Dusk Falls.txt,ok,As Dusk Falls,https://en.wikipedia.org/wiki/As_Dusk_Falls,8.00,10658,1767
1342330,Mad Games Tycoon 2,,no_match,,,,0,0
1343240,Thymesia,1343240_Thymesia.txt,ok,Thymesia,https://en.wikipedia.org/wiki/Thymesia,8.00,4548,711
1343370,Old School RuneScape,1343370_Old School RuneScape.txt,ok,Old School RuneScape,https://en.wikipedia.org/wiki/Old_School_RuneScape,8.00,10308,1588
1343400,RuneScape,1343400_RuneScape.txt,ok,RuneScape,https://en.wikipedia.org/wiki/RuneScape,8.00,23374,3631
1344350,SUCCUBUS: Prologue,,no_match,,,,0,0
1345820,Ragnarock,1345820_Ragnarock.txt,ok,Ragnarock,https://en.wikipedia.org/wiki/Ragnarock,8.00,1037,176
1345890,Deliver Us Mars,1345890_Deliver Us Mars.txt,ok,Deliver Us Mars,https://en.wikipedia.org/wiki/Deliver_Us_Mars,8.00,1899,300
1349040,Furry Love 2,,no_match,,,,0,0
1349230,5D Chess With Multiverse Time Travel,1349230_5D Chess With Multiverse Time Travel.txt,ok,5D Chess with Multiverse Time Travel,https://en.wikipedia.org/wiki/5D_Chess_with_Multiverse_Time_Travel,8.00,10111,1758
1350200,IMMORTALITY,,no_match,,,,0,0
1350650,FreshWomen - Season 1,,no_match,,,,0,0
1351080,Pharaoh: A New Era,1351080_Pharaoh - A New Era.txt,ok,Pharaoh: A New Era,https://en.wikipedia.org/wiki/Pharaoh:_A_New_Era,8.00,1603,263
1351240,Taxi Life: A City Driving Simulator,,no_match,,,,0,0
1351630,Ys IX: Monstrum Nox,1351630_Ys IX - Monstrum Nox.txt,ok,Ys IX: Monstrum Nox,https://en.wikipedia.org/wiki/Ys_IX:_Monstrum_Nox,8.00,3154,515
1352080,SMASH LEGENDS,,no_match,,,,0,0
1353230,Bomb Rush Cyberfunk,1353230_Bomb Rush Cyberfunk.txt,ok,Bomb Rush Cyberfunk,https://en.wikipedia.org/wiki/Bomb_Rush_Cyberfunk,8.00,9702,1634
1353270,Five Dates,1353270_Five Dates.txt,ok,Five Dates,https://en.wikipedia.org/wiki/Five_Dates,8.00,1307,199
1353300,Idle Slayer,,no_match,,,,0,0
1354830,Cat Cafe Manager,1354830_Cat Cafe Manager.txt,ok,Cat Cafe Manager,https://en.wikipedia.org/wiki/Cat_Cafe_Manager,8.00,1872,310
1356280,Kitaria Fables,1356280_Kitaria Fables.txt,ok,Kitaria Fables,https://en.wikipedia.org/wiki/Kitaria_Fables,8.00,3896,676
1356670,Sakuna: Of Rice and Ruin,1356670_Sakuna - Of Rice and Ruin.txt,ok,Sakuna: Of Rice and Ruin,https://en.wikipedia.org/wiki/Sakuna:_Of_Rice_and_Ruin,8.00,17925,3025
1357210,Galactic Civilizations IV,1357210_Galactic Civilizations IV.txt,ok,Galactic Civilizations IV,https://en.wikipedia.org/wiki/Galactic_Civilizations_IV,8.00,3743,586
1358710,Battle Cry of Freedom,,no_match,,,,0,0
1359090,Zero Hour,1359090_Zero Hour.txt,ok,Zero Hour (video game),https://en.wikipedia.org/wiki/Zero_Hour_(video_game),6.72,2239,336
1359980,POSTAL: Brain Damaged,,no_match,,,,0,0
1360000,The Infected,,no_match,,,,0,0
1361000,In Silence,,no_match,,,,0,0
1361210,"Warhammer 40,000: Darktide","1361210_Warhammer 40,000 - Darktide.txt",ok,"Warhammer 40,000: Darktide","https://en.wikipedia.org/wiki/Warhammer_40,000:_Darktide",8.00,7917,1264
1361320,The Room 4: Old Sins,,no_match,,,,0,0
1361510,Teenage Mutant Ninja Turtles: Shredder's Revenge,1361510_Teenage Mutant Ninja Turtles - Shredder's Revenge.txt,ok,Teenage Mutant Ninja Turtles: Shredder's Revenge,https://en.wikipedia.org/wiki/Teenage_Mutant_Ninja_Turtles:_Shredder%27s_Revenge,8.00,14607,2345
1363080,Manor Lords,1363080_Manor Lords.txt,ok,Manor Lords,https://en.wikipedia.org/wiki/Manor_Lords,8.00,6791,1071
1363430,Propagation VR,,no_match,,,,0,0
1364290,Animalia Survival,,no_match,,,,0,0
1364780,Street Fighter 6,1364780_Street Fighter 6.txt,ok,Street Fighter 6,https://en.wikipedia.org/wiki/Street_Fighter_6,8.00,20674,3359
1366540,Dyson Sphere Program,1366540_Dyson Sphere Program.txt,ok,Dyson Sphere Program,https://en.wikipedia.org/wiki/Dyson_Sphere_Program,8.00,6418,990
1367080,MOBILE SUIT GUNDAM BATTLE OPERATION 2,1367080_MOBILE SUIT GUNDAM BATTLE OPERATION 2.txt,ok,Mobile Suit Gundam Wing,https://en.wikipedia.org/wiki/Mobile_Suit_Gundam_Wing,6.20,14565,2384
1367550,Kingdom Rush Vengeance - Tower Defense,,no_match,,,,0,0
1367590,Tormented Souls,1367590_Tormented Souls.txt,ok,Tormented Souls,https://en.wikipedia.org/wiki/Tormented_Souls,8.00,4827,779
1368030,ANNO: Mutationem,,no_match,,,,0,0
1368910,Super Mecha Champions,,no_match,,,,0,0
1369320,Virtual Cottage,,no_match,,,,0,0
1369630,ENDER LILIES: Quietus of the Knights,,no_match,,,,0,0
1369670,Motor Town: Behind The Wheel,,no_match,,,,0,0
1370050,Trek to Yomi,1370050_Trek to Yomi.txt,ok,Trek to Yomi,https://en.wikipedia.org/wiki/Trek_to_Yomi,8.00,10835,1766
1371580,Myth of Empires,,no_match,,,,0,0
1371690,GRAVEN,,no_match,,,,0,0
1371980,No Rest for the Wicked,1371980_No Rest for the Wicked.txt,ok,No Rest for the Wicked (video game),https://en.wikipedia.org/wiki/No_Rest_for_the_Wicked_(video_game),7.80,7920,1305
1372110,JoJo's Bizarre Adventure: All-Star Battle R,,no_match,,,,0,0
1372280,MELTY BLOOD: TYPE LUMINA,,no_match,,,,0,0
1373960,INDIKA,,no_match,,,,0,0
1374840,Dark Deity,1374840_Dark Deity.txt,ok,Dark Deity,https://en.wikipedia.org/wiki/Dark_Deity,8.00,3910,626
1377380,Night of the Dead,,no_match,,,,0,0
1377580,Soulworker,,no_match,,,,0,0
1378990,Crash Bandicoot 4: It’s About Time,1378990_Crash Bandicoot 4 - It’s About Time.txt,ok,Crash Bandicoot 4: It's About Time,https://en.wikipedia.org/wiki/Crash_Bandicoot_4:_It%27s_About_Time,7.91,42628,6873
1380420,Grow: Song of the Evertree,,no_match,,,,0,0
1382070,Viewfinder,1382070_Viewfinder.txt,ok,Viewfinder (video game),https://en.wikipedia.org/wiki/Viewfinder_(video_game),6.87,3844,637
1382330,Persona 5 Strikers,1382330_Persona 5 Strikers.txt,ok,Persona 5 Strikers,https://en.wikipedia.org/wiki/Persona_5_Strikers,8.00,12974,2134
1384160,GUILTY GEAR -STRIVE-,,no_match,,,,0,0
1385380,Across the Obelisk,,no_match,,,,0,0
1386780,City of Gangsters,,no_match,,,,0,0
1386900,Observer: System Redux,1386900_Observer - System Redux.txt,ok,Observer (video game),https://en.wikipedia.org/wiki/Observer_(video_game),6.60,9483,1513
1388770,Cruelty Squad,1388770_Cruelty Squad.txt,ok,Cruelty Squad,https://en.wikipedia.org/wiki/Cruelty_Squad,8.00,6191,965
1388870,Arcade Paradise,1388870_Arcade Paradise.txt,ok,Arcade Paradise,https://en.wikipedia.org/wiki/Arcade_Paradise,8.00,5816,931
1388880,Doki Doki Literature Club Plus!,1388880_Doki Doki Literature Club Plus!.txt,ok,Doki Doki Literature Club!,https://en.wikipedia.org/wiki/Doki_Doki_Literature_Club!,7.45,28717,4612
1390350,Webbed,1390350_Webbed.txt,ok,Webbed,https://en.wikipedia.org/wiki/Webbed,8.00,5561,907
1390410,Midnight Fight Express,1390410_Midnight Fight Express.txt,ok,Midnight Fight Express,https://en.wikipedia.org/wiki/Midnight_Fight_Express,8.00,2287,371
1392060,Erzurum,,no_match,,,,0,0
1392820,Milk inside a bag of milk inside a bag of milk,1392820_Milk inside a bag of milk inside a bag of milk.txt,ok,Milk Inside a Bag of Milk Inside a Bag of Milk,https://en.wikipedia.org/wiki/Milk_Inside_a_Bag_of_Milk_Inside_a_Bag_of_Milk,8.00,4902,852
1393750,Ocean's Heart,,no_match,,,,0,0
1397920,Mr.Mine,,no_match,,,,0,0
1398210,Selene ~Apoptosis~,,no_match,,,,0,0
1401590,Disney Dreamlight Valley,1401590_Disney Dreamlight Valley.txt,ok,Disney Dreamlight Valley,https://en.wikipedia.org/wiki/Disney_Dreamlight_Valley,8.00,35482,5784
1402110,Eternights,1402110_Eternights.txt,ok,Eternights,https://en.wikipedia.org/wiki/Eternights,8.00,3302,537
1402120,9 Years of Shadows,1402120_9 Years of Shadows.txt,ok,9 Years of Shadows,https://en.wikipedia.org/wiki/9_Years_of_Shadows,8.00,2549,410
1402320,Medal of Honor: Above and Beyond,1402320_Medal of Honor - Above and Beyond.txt,ok,Medal of Honor: Above and Beyond,https://en.wikipedia.org/wiki/Medal_of_Honor:_Above_and_Beyond,8.00,3618,591
1403370,Zenith: Nexus,,no_match,,,,0,0
1404210,Red Dead Online,1404210_Red Dead Online.txt,ok,Red Dead Online,https://en.wikipedia.org/wiki/Red_Dead_Online,8.00,28386,4470
1404850,Luck be a Landlord,,no_match,,,,0,0
1406990,NEKOPARA Vol. 4,,no_match,,,,0,0
1407200,World of Tanks,1407200_World of Tanks.txt,ok,World of Tanks,https://en.wikipedia.org/wiki/World_of_Tanks,8.00,17499,2935
1408230,Walkabout Mini Golf VR,,no_match,,,,0,0
1408610,Call of the Wild: The Angler,,no_match,,,,0,0
1408720,Krunker,,no_match,,,,0,0
1410640,Syberia: The World Before,1410640_Syberia - The World Before.txt,ok,Syberia: The World Before,https://en.wikipedia.org/wiki/Syberia:_The_World_Before,8.00,7266,1237
1410710,Democracy 4,1410710_Democracy 4.txt,ok,Democracy (video game),https://en.wikipedia.org/wiki/Democracy_(video_game),6.87,7576,1225
1411910,Fallen Aces,,no_match,,,,0,0
1413480,Shin Megami Tensei III Nocturne HD Remaster,,no_match,,,,0,0
1413870,Shadow Man Remastered,1413870_Shadow Man Remastered.txt,ok,Shadow Man (video game),https://en.wikipedia.org/wiki/Shadow_Man_(video_game),7.00,7866,1324
1414850,Nickelodeon All-Star Brawl,1414850_Nickelodeon All-Star Brawl.txt,ok,Nickelodeon All-Star Brawl,https://en.wikipedia.org/wiki/Nickelodeon_All-Star_Brawl,8.00,7308,1152
1417930,Lorn's Lure,,no_match,,,,0,0
1419160,Souldiers,1419160_Souldiers.txt,ok,Souldiers,https://en.wikipedia.org/wiki/Souldiers,8.00,4824,779
1419170,My Singing Monsters,1419170_My Singing Monsters.txt,ok,My Singing Monsters,https://en.wikipedia.org/wiki/My_Singing_Monsters,8.00,18988,3014
1420290,No More Heroes,1420290_No More Heroes.txt,ok,No More Heroes (video game),https://en.wikipedia.org/wiki/No_More_Heroes_(video_game),7.31,19435,3238
1421250,Tiny Bunny,,no_match,,,,0,0
1422440,Cataclismo,1422440_Cataclismo.txt,ok,Cataclismo,https://en.wikipedia.org/wiki/Cataclismo,8.00,3738,577
1424330,Wobbledogs,1424330_Wobbledogs.txt,ok,Wobbledogs,https://en.wikipedia.org/wiki/Wobbledogs,8.00,2299,390
1426010,STASIS: BONE TOTEM,,no_match,,,,0,0
1426450,Age of Darkness: Final Stand,,no_match,,,,0,0
1428310,The Test: Final Revelation,,no_match,,,,0,0
1432050,Nobody Saves the World,1432050_Nobody Saves the World.txt,ok,Nobody Saves the World,https://en.wikipedia.org/wiki/Nobody_Saves_the_World,8.00,4519,725
1432100,The Bookwalker: Thief of Tales,1432100_The Bookwalker - Thief of Tales.txt,ok,The Bookwalker: Thief of Tales,https://en.wikipedia.org/wiki/The_Bookwalker:_Thief_of_Tales,8.00,1955,324
1432860,Sun Haven,1432860_Sun Haven.txt,ok,Sun Haven,https://en.wikipedia.org/wiki/Sun_Haven,8.00,3130,526
1433140,The Texas Chain Saw Massacre,,no_match,,,,0,0
1434950,HighFleet,1434950_HighFleet.txt,ok,HighFleet,https://en.wikipedia.org/wiki/HighFleet,8.00,7423,1230
1435790,Escape Simulator,1435790_Escape Simulator.txt,ok,Escape Simulator,https://en.wikipedia.org/wiki/Escape_Simulator,8.00,2577,423
1436590,Phoenotopia: Awakening,1436590_Phoenotopia - Awakening.txt,ok,Phoenotopia: Awakening,https://en.wikipedia.org/wiki/Phoenotopia:_Awakening,8.00,6070,994
1444480,Turing Complete,,no_match,,,,0,0
1446780,MONSTER HUNTER RISE,1446780_MONSTER HUNTER RISE.txt,ok,Monster Hunter (video game),https://en.wikipedia.org/wiki/Monster_Hunter_(video_game),7.64,7883,1315
1449200,AI: THE SOMNIUM FILES - nirvanA Initiative,,no_match,,,,0,0
1449280,Ghostbusters: The Video Game Remastered,1449280_Ghostbusters - The Video Game Remastered.txt,ok,Ghostbusters: The Video Game,https://en.wikipedia.org/wiki/Ghostbusters:_The_Video_Game,6.98,22845,3653
1449560,Metro Exodus,1449560_Metro Exodus.txt,ok,Metro Exodus,https://en.wikipedia.org/wiki/Metro_Exodus,8.00,27704,4486
1449690,The Walking Dead: The Telltale Definitive Series,,no_match,,,,0,0
1449850,Yu-Gi-Oh! Master Duel,1449850_Yu-Gi-Oh! Master Duel.txt,ok,Yu-Gi-Oh! Master Duel,https://en.wikipedia.org/wiki/Yu-Gi-Oh!_Master_Duel,8.00,2151,348
1450830,At Dead Of Night,,no_match,,,,0,0
1451090,Tactics Ogre: Reborn,1451090_Tactics Ogre - Reborn.txt,ok,Tactics Ogre: Let Us Cling Together (2010 video game),https://en.wikipedia.org/wiki/Tactics_Ogre:_Let_Us_Cling_Together_(2010_video_game),4.78,21353,3421
1451190,Undisputed,1451190_Undisputed.txt,ok,Undisputed (video game),https://en.wikipedia.org/wiki/Undisputed_(video_game),6.87,5603,881
1451940,NEEDY STREAMER OVERLOAD,1451940_NEEDY STREAMER OVERLOAD.txt,ok,Needy Streamer Overload,https://en.wikipedia.org/wiki/Needy_Streamer_Overload,8.00,12142,1918
1454400,Cookie Clicker,1454400_Cookie Clicker.txt,ok,Cookie Clicker,https://en.wikipedia.org/wiki/Cookie_Clicker,8.00,10847,1722
1454970,New Tales from the Borderlands,1454970_New Tales from the Borderlands.txt,ok,New Tales from the Borderlands,https://en.wikipedia.org/wiki/New_Tales_from_the_Borderlands,8.00,8737,1437
1455840,Dorfromantik,1455840_Dorfromantik.txt,ok,Dorfromantik,https://en.wikipedia.org/wiki/Dorfromantik,8.00,13796,2307
1456940,Level Zero: Extraction,,no_match,,,,0,0
1457080,The Mageseeker: A League of Legends Story,1457080_The Mageseeker - A League of Legends Story.txt,ok,The Mageseeker,https://en.wikipedia.org/wiki/The_Mageseeker,5.11,1422,227
1457320,Techtonica,,no_match,,,,0,0
1458100,Cozy Grove,1458100_Cozy Grove.txt,ok,Cozy Grove,https://en.wikipedia.org/wiki/Cozy_Grove,8.00,1845,313
1458140,Pacific Drive,1458140_Pacific Drive.txt,ok,Pacific Drive (video game),https://en.wikipedia.org/wiki/Pacific_Drive_(video_game),7.22,14745,2333
1462040,FINAL FANTASY VII REMAKE INTERGRADE,,no_match,,,,0,0
1462570,Lost in Random,1462570_Lost in Random.txt,ok,Lost in Random,https://en.wikipedia.org/wiki/Lost_in_Random,8.00,8057,1336
1462810,WRC 10 FIA World Rally Championship,,no_match,,,,0,0
1463120,College Kings - The Complete Season,,no_match,,,,0,0
1465460,Infection Free Zone,1465460_Infection Free Zone.txt,ok,Infection Free Zone,https://en.wikipedia.org/wiki/Infection_Free_Zone,8.00,4004,583
1465470,The Crust,,no_match,,,,0,0
1466060,Tainted Grail: The Fall of Avalon,1466060_Tainted Grail - The Fall of Avalon.txt,ok,Tainted Grail: The Fall of Avalon,https://en.wikipedia.org/wiki/Tainted_Grail:_The_Fall_of_Avalon,8.00,6758,1066
1466860,Age of Empires IV: Anniversary Edition,,no_match,,,,0,0
1468260,Leaf Blower Revolution - Idle Game,,no_match,,,,0,0
1468720,Ultimate Epic Battle Simulator 2,1468720_Ultimate Epic Battle Simulator 2.txt,ok,Ultimate Epic Battle Simulator,https://en.wikipedia.org/wiki/Ultimate_Epic_Battle_Simulator,7.81,1511,249
1468810,鬼谷八荒 Tale of Immortal,,no_match,,,,0,0
1469610,Last Train Home,1469610_Last Train Home.txt,ok,Last Train Home (video game),https://en.wikipedia.org/wiki/Last_Train_Home_(video_game),7.39,8291,1315
1471410,SYNTHETIK 2,,no_match,,,,0,0
1472660,No Place Like Home,,no_match,,,,0,0
1473350,(the) Gnorp Apologue,,no_match,,,,0,0
1473480,A.V.A Global,,no_match,,,,0,0
1474740,Horse Tales: Emerald Valley Ranch,,no_match,,,,0,0
1475380,TheDawn,,no_match,,,,0,0
1475810,Ghostwire: Tokyo,1475810_Ghostwire - Tokyo.txt,ok,Ghostwire: Tokyo,https://en.wikipedia.org/wiki/Ghostwire:_Tokyo,8.00,12727,2107
1476970,IdleOn - The Idle RPG,,no_match,,,,0,0
1480560,Lawn Mowing Simulator,1480560_Lawn Mowing Simulator.txt,ok,Curve Games,https://en.wikipedia.org/wiki/Curve_Games,3.12,1748,276
1481400,Dagon: by H. P. Lovecraft,,no_match,,,,0,0
1483870,Draw & Guess,,no_match,,,,0,0
1484280,Demeo,1484280_Demeo.txt,ok,Demeo,https://en.wikipedia.org/wiki/Demeo,8.00,2279,374
1484720,Dead Estate,,no_match,,,,0,0
1484900,Hoa,1484900_Hoa.txt,ok,HOA,https://en.wikipedia.org/wiki/HOA,8.00,921,146
1485590,ENDLESS Dungeon,,no_match,,,,0,0
1486630,Intravenous,,no_match,,,,0,0
1487390,ANVIL,,no_match,,,,0,0
1488200,Symphony of War: The Nephilim Saga,1488200_Symphony of War - The Nephilim Saga.txt,ok,Symphony of War: The Nephilim Saga,https://en.wikipedia.org/wiki/Symphony_of_War:_The_Nephilim_Saga,8.00,2277,370
1489630,Carrier Command 2,1489630_Carrier Command 2.txt,ok,Carrier Command 2,https://en.wikipedia.org/wiki/Carrier_Command_2,8.00,3045,501
1490890,Demon Slayer -Kimetsu no Yaiba- The Hinokami Chronicles,,no_match,,,,0,0
1491670,Venba,1491670_Venba.txt,ok,Venba,https://en.wikipedia.org/wiki/Venba,8.00,208,35
1492070,Sker Ritual,,no_match,,,,0,0
1493640,Banishers: Ghosts of New Eden,1493640_Banishers - Ghosts of New Eden.txt,ok,Banishers: Ghosts of New Eden,https://en.wikipedia.org/wiki/Banishers:_Ghosts_of_New_Eden,8.00,6949,1126
1494420,Silica,1494420_Silica.txt,ok,Silica (video game),https://en.wikipedia.org/wiki/Silica_(video_game),6.13,6515,1011
1495320,Carnal Instinct,,no_match,,,,0,0
1496790,Gotham Knights,1496790_Gotham Knights.txt,ok,Gotham Knights (video game),https://en.wikipedia.org/wiki/Gotham_Knights_(video_game),7.31,13021,2095
1497440,COCOON,1497440_COCOON.txt,ok,Cocoon,https://en.wikipedia.org/wiki/Cocoon,8.00,1865,303
1498570,THE KING OF FIGHTERS XV,1498570_THE KING OF FIGHTERS XV.txt,ok,The King of Fighters,https://en.wikipedia.org/wiki/The_King_of_Fighters,7.58,36677,6204
1501610,Nova Lands,,no_match,,,,0,0
1501750,Lords of the Fallen,1501750_Lords of the Fallen.txt,ok,Lords of the Fallen,https://en.wikipedia.org/wiki/Lords_of_the_Fallen,8.00,1028,185
1504020,Mosaique Neko Waifus 4,,no_match,,,,0,0
1504500,OPUS: Echo of Starsong - Full Bloom Edition,,no_match,,,,0,0
1504570,Cultivation Tales,,no_match,,,,0,0
1506980,Lay a Beauty to Rest: The Darkness Peach Blossom Spring,,no_match,,,,0,0
1507190,Machinika: Museum,,no_match,,,,0,0
1509510,Settlement Survival,,no_match,,,,0,0
1509960,PICO PARK,,no_match,,,,0,0
1511270,Ann,,no_match,,,,0,0
1515210,The Past Within,1515210_The Past Within.txt,ok,The Past Within,https://en.wikipedia.org/wiki/The_Past_Within,8.00,2108,341
1515950,Capcom Arcade Stadium,1515950_Capcom Arcade Stadium.txt,ok,Capcom Arcade Stadium,https://en.wikipedia.org/wiki/Capcom_Arcade_Stadium,8.00,3688,591
1517290,Battlefield 2042,1517290_Battlefield 2042.txt,ok,Battlefield 2042,https://en.wikipedia.org/wiki/Battlefield_2042,8.00,18727,2961
1517970,Aeterna Noctis,1517970_Aeterna Noctis.txt,ok,Aeterna Noctis,https://en.wikipedia.org/wiki/Aeterna_Noctis,8.00,2782,479
1519350,Madden NFL 22,1519350_Madden NFL 22.txt,ok,Madden NFL 22,https://en.wikipedia.org/wiki/Madden_NFL_22,8.00,4464,744
1520370,Mon Bazou,,no_match,,,,0,0
1522820,Orcs Must Die! 3,1522820_Orcs Must Die! 3.txt,ok,Orcs Must Die! 3,https://en.wikipedia.org/wiki/Orcs_Must_Die!_3,8.00,2404,409
1522870,Supraland Six Inches Under,1522870_Supraland Six Inches Under.txt,ok,Supraland,https://en.wikipedia.org/wiki/Supraland,5.09,8700,1382
1525700,Tavern Master,,no_match,,,,0,0
1527950,Wartales,1527950_Wartales.txt,ok,Wartales,https://en.wikipedia.org/wiki/Wartales,8.00,3831,604
1531540,Distant Worlds 2,1531540_Distant Worlds 2.txt,ok,Distant Worlds 2,https://en.wikipedia.org/wiki/Distant_Worlds_2,8.00,3871,647
1532690,BLACKTAIL,,no_match,,,,0,0
1533390,Gorilla Tag,1533390_Gorilla Tag.txt,ok,Gorilla Tag,https://en.wikipedia.org/wiki/Gorilla_Tag,8.00,7202,1166
1533420,Neon White,1533420_Neon White.txt,ok,Neon White,https://en.wikipedia.org/wiki/Neon_White,8.00,17119,2914
1536090,Echoes of the Plum Grove,,no_match,,,,0,0
1537830,Disney Speedstorm,1537830_Disney Speedstorm.txt,ok,Disney Speedstorm,https://en.wikipedia.org/wiki/Disney_Speedstorm,8.00,16916,2691
1538570,Patron,1538570_Patron.txt,ok,Patron (video game),https://en.wikipedia.org/wiki/Patron_(video_game),6.13,1277,217
1538970,Hammerwatch II,1538970_Hammerwatch II.txt,ok,Hammerwatch 2,https://en.wikipedia.org/wiki/Hammerwatch_2,7.33,2577,413
1543030,Sword and Fairy 7,,no_match,,,,0,0
1544020,The Callisto Protocol,1544020_The Callisto Protocol.txt,ok,The Callisto Protocol,https://en.wikipedia.org/wiki/The_Callisto_Protocol,8.00,15543,2536
1544360,LEGO Builder's Journey,,no_match,,,,0,0
1545560,Shadow Gambit: The Cursed Crew,1545560_Shadow Gambit - The Cursed Crew.txt,ok,Shadow Gambit: The Cursed Crew,https://en.wikipedia.org/wiki/Shadow_Gambit:_The_Cursed_Crew,8.00,3634,590
1546970,Grand Theft Auto III – The Definitive Edition,,no_match,,,,0,0
1546990,Grand Theft Auto: Vice City – The Definitive Edition,1546990_Grand Theft Auto - Vice City – The Definitive Edition.txt,ok,Grand Theft Auto: Vice City,https://en.wikipedia.org/wiki/Grand_Theft_Auto:_Vice_City,6.16,33091,5238
1547000,Grand Theft Auto: San Andreas – The Definitive Edition,,no_match,,,,0,0
1547890,Let's Build a Zoo,,no_match,,,,0,0
1548850,Six Days in Fallujah,1548850_Six Days in Fallujah.txt,ok,Six Days in Fallujah,https://en.wikipedia.org/wiki/Six_Days_in_Fallujah,8.00,15481,2527
1549250,UNDECEMBER,,no_match,,,,0,0
1549690,SPRAWL,,no_match,,,,0,0
1549970,Aliens: Fireteam Elite,1549970_Aliens - Fireteam Elite.txt,ok,Aliens: Fireteam Elite,https://en.wikipedia.org/wiki/Aliens:_Fireteam_Elite,8.00,7228,1150
1551360,Forza Horizon 5,1551360_Forza Horizon 5.txt,ok,Forza Horizon 5,https://en.wikipedia.org/wiki/Forza_Horizon_5,8.00,14536,2429
1552550,Castlevania Advance Collection,1552550_Castlevania Advance Collection.txt,ok,List of Castlevania media,https://en.wikipedia.org/wiki/List_of_Castlevania_media,4.84,1212,187
1556100,Killer Klowns from Outer Space: The Game,1556100_Killer Klowns from Outer Space - The Game.txt,ok,Killer Klowns from Outer Space: The Game,https://en.wikipedia.org/wiki/Killer_Klowns_from_Outer_Space:_The_Game,8.00,4829,808
1556200,Predator: Hunting Grounds,1556200_Predator - Hunting Grounds.txt,ok,Predator: Hunting Grounds,https://en.wikipedia.org/wiki/Predator:_Hunting_Grounds,8.00,5086,819
1556790,Isonzo,1556790_Isonzo.txt,ok,Isonzo (video game),https://en.wikipedia.org/wiki/Isonzo_(video_game),6.13,4587,762
1557740,ROUNDS,,no_match,,,,0,0
1559390,Fate Seeker II,,no_match,,,,0,0
1562420,FOREWARNED,,no_match,,,,0,0
1562430,DREDGE,,no_match,,,,0,0
1562700,SANABI,,no_match,,,,0,0
1563180,Internet Cafe Simulator 2,,no_match,,,,0,0
1566200,Tape to Tape,,no_match,,,,0,0
1566690,Outpost: Infinity Siege,,no_match,,,,0,0
1567020,The Dark Pictures Anthology: The Devil in Me,1567020_The Dark Pictures Anthology - The Devil in Me.txt,ok,The Dark Pictures Anthology: The Devil in Me,https://en.wikipedia.org/wiki/The_Dark_Pictures_Anthology:_The_Devil_in_Me,8.00,19172,2921
1568400,Sheepy: A Short Adventure,,no_match,,,,0,0
1568590,Goose Goose Duck,,no_match,,,,0,0
1569040,Football Manager 2022,1569040_Football Manager 2022.txt,ok,Football Manager 2022,https://en.wikipedia.org/wiki/Football_Manager_2022,8.00,2540,416
1570010,FAR: Changing Tides,1570010_FAR - Changing Tides.txt,ok,Far: Changing Tides,https://en.wikipedia.org/wiki/Far:_Changing_Tides,8.00,5594,903
1570070,Beholder 3,,no_match,,,,0,0
1571440,Lunch Lady,,no_match,,,,0,0
1574240,Dread Delusion,1574240_Dread Delusion.txt,ok,Dread Delusion,https://en.wikipedia.org/wiki/Dread_Delusion,8.00,10218,1598
1574260,My Friendly Neighborhood,1574260_My Friendly Neighborhood.txt,ok,My Friendly Neighborhood,https://en.wikipedia.org/wiki/My_Friendly_Neighborhood,8.00,8250,1361
1574580,Strange Horticulture,1574580_Strange Horticulture.txt,ok,Strange Horticulture,https://en.wikipedia.org/wiki/Strange_Horticulture,8.00,7180,1127
1574820,Until Then,1574820_Until Then.txt,ok,Until Then,https://en.wikipedia.org/wiki/Until_Then,8.00,12842,2083
1575940,Sins of a Solar Empire II,1575940_Sins of a Solar Empire II.txt,ok,Sins of a Solar Empire II,https://en.wikipedia.org/wiki/Sins_of_a_Solar_Empire_II,8.00,2279,385
1577120,The Quarry,1577120_The Quarry.txt,ok,The Quarry (video game),https://en.wikipedia.org/wiki/The_Quarry_(video_game),6.87,13656,2184
1578650,Citizen Sleeper,1578650_Citizen Sleeper.txt,ok,Citizen Sleeper,https://en.wikipedia.org/wiki/Citizen_Sleeper,8.00,16341,2711
1579380,Shadow Tactics: Aiko's Choice,1579380_Shadow Tactics - Aiko's Choice.txt,ok,Shadow Tactics: Blades of the Shogun,https://en.wikipedia.org/wiki/Shadow_Tactics:_Blades_of_the_Shogun,6.00,10255,1699
1580520,Lost Eidolons,1580520_Lost Eidolons.txt,ok,Lost Eidolons,https://en.wikipedia.org/wiki/Lost_Eidolons,8.00,8901,1422
1580780,[NINJA GAIDEN: Master Collection] NINJA GAIDEN Σ,,no_match,,,,0,0
1581770,SpellForce: Conquest of Eo,1581770_SpellForce - Conquest of Eo.txt,ok,SpellForce,https://en.wikipedia.org/wiki/SpellForce,5.43,7123,1139
1583230,High On Life,1583230_High On Life.txt,ok,High on Life,https://en.wikipedia.org/wiki/High_on_Life,8.00,1048,196
1583320,Pro Soccer Online,,no_match,,,,0,0
1584090,Touhou Mystia's Izakaya,,no_match,,,,0,0
1585180,Drova - Forsaken Kin,,no_match,,,,0,0
1585220,Melatonin,1585220_Melatonin.txt,ok,Melatonin (video game),https://en.wikipedia.org/wiki/Melatonin_(video_game),6.72,1869,298
1586800,Lil Gator Game,1586800_Lil Gator Game.txt,ok,Lil Gator Game,https://en.wikipedia.org/wiki/Lil_Gator_Game,8.00,3997,667
1587130,Blood West,,no_match,,,,0,0
1588010,PGA TOUR 2K23,,no_match,,,,0,0
1588530,Dungeon Alchemist,,no_match,,,,0,0
1590320,Bro Falls,,no_match,,,,0,0
1590910,Forgive Me Father,,no_match,,,,0,0
1592190,BONELAB,,no_match,,,,0,0
1592280,Selaco,,no_match,,,,0,0
1593030,Terra Nil,1593030_Terra Nil.txt,ok,Terra Nil,https://en.wikipedia.org/wiki/Terra_Nil,8.00,3932,650
1593310,NEKOPARA - Catboys Paradise,,no_match,,,,0,0
1593500,God of War,1593500_God of War.txt,ok,God of War,https://en.wikipedia.org/wiki/God_of_War,8.00,2027,381
1594320,Captain of Industry,,no_match,,,,0,0
1594940,Little Witch in the Woods,1594940_Little Witch in the Woods.txt,ok,Little Witch in the Woods,https://en.wikipedia.org/wiki/Little_Witch_in_the_Woods,8.00,1393,236
1599020,Tinykin,1599020_Tinykin.txt,ok,Tinykin,https://en.wikipedia.org/wiki/Tinykin,8.00,8684,1439
1599330,Wildmender,,no_match,,,,0,0
1599340,Lost Ark,1599340_Lost Ark.txt,ok,Lost Ark (video game),https://en.wikipedia.org/wiki/Lost_Ark_(video_game),6.56,5014,808
1599600,PlateUp!,1599600_PlateUp!.txt,ok,PlateUp!,https://en.wikipedia.org/wiki/PlateUp!,8.00,4581,708
1599660,Sackboy: A Big Adventure,1599660_Sackboy - A Big Adventure.txt,ok,Sackboy: A Big Adventure,https://en.wikipedia.org/wiki/Sackboy:_A_Big_Adventure,8.00,5182,836
1601580,Frostpunk 2,1601580_Frostpunk 2.txt,ok,Frostpunk 2,https://en.wikipedia.org/wiki/Frostpunk_2,8.00,11872,1940
1602010,Persona 4 Arena Ultimax,1602010_Persona 4 Arena Ultimax.txt,ok,Persona 4 Arena Ultimax,https://en.wikipedia.org/wiki/Persona_4_Arena_Ultimax,8.00,20640,3332
1602080,Soulstice,1602080_Soulstice.txt,ok,Soulstice (video game),https://en.wikipedia.org/wiki/Soulstice_(video_game),6.72,1394,224
1603980,"If On A Winter's Night, Four Travelers",,no_match,,,,0,0
1604000,Milk outside a bag of milk outside a bag of milk,,no_match,,,,0,0
1604030,V Rising,1604030_V Rising.txt,ok,V Rising,https://en.wikipedia.org/wiki/V_Rising,8.00,5849,954
1605220,Dune: Spice Wars,1605220_Dune - Spice Wars.txt,ok,Dune: Spice Wars,https://en.wikipedia.org/wiki/Dune:_Spice_Wars,8.00,4678,771
1606180,下一站江湖Ⅱ,,no_match,,,,0,0
1607130,Lust Theory - Season 1,,no_match,,,,0,0
1607250,MY HERO ULTRA RUMBLE,,no_match,,,,0,0
1608070,CRISIS CORE –FINAL FANTASY VII– REUNION,,no_match,,,,0,0
1608230,Planet of Lana,1608230_Planet of Lana.txt,ok,Planet of Lana,https://en.wikipedia.org/wiki/Planet_of_Lana,8.00,5795,946
1608290,GNOSIA,1608290_GNOSIA.txt,ok,Gnosia,https://en.wikipedia.org/wiki/Gnosia,8.00,13584,2259
1608640,OTXO,,no_match,,,,0,0
1609230,Scarlet Hollow,,no_match,,,,0,0
1610870,Chair Simulator,,no_match,,,,0,0
1611600,WARNO,,no_match,,,,0,0
1611910,"Warhammer 40,000: Chaos Gate - Daemonhunters",,no_match,,,,0,0
1614550,Astro Colony,,no_match,,,,0,0
1615290,Ravenous Devils,1615290_Ravenous Devils.txt,ok,Ravenous Devils,https://en.wikipedia.org/wiki/Ravenous_Devils,8.00,4905,816
1618540,Ghost Exorcism INC.,,no_match,,,,0,0
1619750,Karryn's Prison,,no_match,,,,0,0
1621070,DeadPoly,,no_match,,,,0,0
1621690,Core Keeper,1621690_Core Keeper.txt,ok,Core Keeper,https://en.wikipedia.org/wiki/Core_Keeper,8.00,11042,1658
1622350,Copycat,,no_match,,,,0,0
1622900,Star Trek: Infinite,1622900_Star Trek - Infinite.txt,ok,Star Trek: Infinite,https://en.wikipedia.org/wiki/Star_Trek:_Infinite,8.00,3385,545
1622910,Still Wakes the Deep,1622910_Still Wakes the Deep.txt,ok,Still Wakes the Deep,https://en.wikipedia.org/wiki/Still_Wakes_the_Deep,8.00,18168,3008
1623070,Master of Magic,1623070_Master of Magic.txt,ok,Master of Magic,https://en.wikipedia.org/wiki/Master_of_Magic,8.00,13350,2191
1623660,MIR4,,no_match,,,,0,0
1623730,Palworld,,no_match,,,,0,0
1623940,Bramble: The Mountain King,1623940_Bramble - The Mountain King.txt,ok,Bramble: The Mountain King,https://en.wikipedia.org/wiki/Bramble:_The_Mountain_King,8.00,5574,954
1624540,Storyteller,1624540_Storyteller.txt,ok,Storyteller (video game),https://en.wikipedia.org/wiki/Storyteller_(video_game),7.00,2158,346
1627720,Lies of P,1627720_Lies of P.txt,ok,Lies of P,https://en.wikipedia.org/wiki/Lies_of_P,8.00,26136,4213
1629520,A Little to the Left,1629520_A Little to the Left.txt,ok,A Little to the Left,https://en.wikipedia.org/wiki/A_Little_to_the_Left,8.00,1963,342
1629530,Spark the Electric Jester 3,1629530_Spark the Electric Jester 3.txt,ok,Spark the Electric Jester,https://en.wikipedia.org/wiki/Spark_the_Electric_Jester,7.77,9874,1596
1630080,College Bound - Episode 1,,no_match,,,,0,0
1634150,Behind the Frame: The Finest Scenery,1634150_Behind the Frame - The Finest Scenery.txt,ok,Behind the Frame: The Finest Scenery,https://en.wikipedia.org/wiki/Behind_the_Frame:_The_Finest_Scenery,8.00,1749,292
1634860,Minishoot' Adventures,1634860_Minishoot' Adventures.txt,ok,Minishoot' Adventures,https://en.wikipedia.org/wiki/Minishoot%27_Adventures,8.00,1363,220
1635450,Longvinter,,no_match,,,,0,0
1637730,Crystal Project,,no_match,,,,0,0
1639790,Northern Journey,,no_match,,,,0,0
1641960,Forever Skies,1641960_Forever Skies.txt,ok,Forever Skies,https://en.wikipedia.org/wiki/Forever_Skies,8.00,2550,429
1643310,Dungeons 4,1643310_Dungeons 4.txt,ok,Dungeons 4,https://en.wikipedia.org/wiki/Dungeons_4,8.00,1101,148
1644320,Railway Empire 2,,no_match,,,,0,0
1645820,SurrounDead,,no_match,,,,0,0
1646850,SpaceBourne 2,,no_match,,,,0,0
1647160,Deepest Sword,,no_match,,,,0,0
1649010,Miasma Chronicles,1649010_Miasma Chronicles.txt,ok,Miasma Chronicles,https://en.wikipedia.org/wiki/Miasma_Chronicles,8.00,4656,738
1649080,Two Point Campus,1649080_Two Point Campus.txt,ok,Two Point Campus,https://en.wikipedia.org/wiki/Two_Point_Campus,8.00,4987,822
1649240,Returnal,1649240_Returnal.txt,ok,Returnal,https://en.wikipedia.org/wiki/Returnal,8.00,10223,1670
1651560,Fabledom,1651560_Fabledom.txt,ok,Fabledom,https://en.wikipedia.org/wiki/Fabledom,8.00,1786,293
1654660,En Garde!,1654660_En Garde!.txt,ok,En Garde! (video game),https://en.wikipedia.org/wiki/En_Garde!_(video_game),6.56,4192,593
1656780,Hero's Hour,,no_match,,,,0,0
1657630,Slime Rancher 2,1657630_Slime Rancher 2.txt,ok,Slime Rancher 2,https://en.wikipedia.org/wiki/Slime_Rancher_2,8.00,2488,403
1658040,I Am Future: Cozy Apocalypse Survival,,no_match,,,,0,0
1658150,Moonstone Island,1658150_Moonstone Island.txt,ok,Moonstone Island,https://en.wikipedia.org/wiki/Moonstone_Island,8.00,5292,759
1658280,Eiyuden Chronicle: Hundred Heroes,1658280_Eiyuden Chronicle - Hundred Heroes.txt,ok,Eiyuden Chronicle: Hundred Heroes,https://en.wikipedia.org/wiki/Eiyuden_Chronicle:_Hundred_Heroes,8.00,2830,447
1658290,Eiyuden Chronicle: Rising,1658290_Eiyuden Chronicle - Rising.txt,ok,Eiyuden Chronicle: Rising,https://en.wikipedia.org/wiki/Eiyuden_Chronicle:_Rising,8.00,6365,1007
1659040,HITMAN World of Assassination,1659040_HITMAN World of Assassination.txt,ok,Hitman 3,https://en.wikipedia.org/wiki/Hitman_3,4.27,41000,6655
1659420,UNCHARTED: Legacy of Thieves Collection,,no_match,,,,0,0
1663040,Amber Isle,1663040_Amber Isle.txt,ok,Amber Isle,https://en.wikipedia.org/wiki/Amber_Isle,8.00,3626,592
1664220,TRAIL OUT,,no_match,,,,0,0
1665190,Monster Prom 3: Monster Roadtrip,1665190_Monster Prom 3 - Monster Roadtrip.txt,ok,Monster Prom,https://en.wikipedia.org/wiki/Monster_Prom,5.35,9540,1548
1665460,eFootball,1665460_eFootball.txt,ok,EFootball,https://en.wikipedia.org/wiki/EFootball,8.00,4807,807
1668690,Alina of the Arena,1668690_Alina of the Arena.txt,ok,Alina of the Arena,https://en.wikipedia.org/wiki/Alina_of_the_Arena,8.00,2414,395
1669000,Age of Wonders 4,1669000_Age of Wonders 4.txt,ok,Age of Wonders 4,https://en.wikipedia.org/wiki/Age_of_Wonders_4,8.00,14358,2356
1669980,Volcano Princess,1669980_Volcano Princess.txt,ok,Volcano Princess,https://en.wikipedia.org/wiki/Volcano_Princess,8.00,5657,949
1670870,MADiSON,1670870_MADiSON.txt,ok,Madison (video game),https://en.wikipedia.org/wiki/Madison_(video_game),6.36,6746,1097
1671200,Honkai Impact 3rd,1671200_Honkai Impact 3rd.txt,ok,Honkai Impact 3rd,https://en.wikipedia.org/wiki/Honkai_Impact_3rd,8.00,34548,5466
1671340,Fears to Fathom - Home Alone,,no_match,,,,0,0
1671410,Somerville,1671410_Somerville.txt,ok,Somerville (video game),https://en.wikipedia.org/wiki/Somerville_(video_game),6.87,7986,1349
1672500,GUNDAM BREAKER 4,,no_match,,,,0,0
1674170,Sprocket,,no_match,,,,0,0
1675830,1000xRESIST,1675830_1000xRESIST.txt,ok,1000xResist,https://en.wikipedia.org/wiki/1000xResist,8.00,11362,1779
1675900,Warlander,,no_match,,,,0,0
1676840,For The King II,,no_match,,,,0,0
1677280,Company of Heroes 3,,no_match,,,,0,0
1677310,In Stars And Time,,no_match,,,,0,0
1677350,EA SPORTS PGA TOUR,1677350_EA SPORTS PGA TOUR.txt,ok,EA Sports,https://en.wikipedia.org/wiki/EA_Sports,6.00,15429,2632
1677740,Stumble Guys,,no_match,,,,0,0
1677770,The Case of the Golden Idol,1677770_The Case of the Golden Idol.txt,ok,The Case of the Golden Idol,https://en.wikipedia.org/wiki/The_Case_of_the_Golden_Idol,8.00,16456,2713
1679290,Fire & Maneuver,,no_match,,,,0,0
1681430,RoboCop: Rogue City,1681430_RoboCop - Rogue City.txt,ok,RoboCop: Rogue City,https://en.wikipedia.org/wiki/RoboCop:_Rogue_City,8.00,13337,2147
1683150,Railroader,,no_match,,,,0,0
1684350,The Thaumaturge,1684350_The Thaumaturge.txt,ok,The Thaumaturge,https://en.wikipedia.org/wiki/The_Thaumaturge,8.00,2565,409
1684930,CULTIC,,no_match,,,,0,0
1686940,Bopl Battle,,no_match,,,,0,0
1687950,Persona 5 Royal,1687950_Persona 5 Royal.txt,ok,Persona 5,https://en.wikipedia.org/wiki/Persona_5,6.50,56794,9265
1692250,F1 22,1692250_F1 22.txt,ok,F1 22,https://en.wikipedia.org/wiki/F1_22,8.00,6647,1103
1693980,Dead Space,1693980_Dead Space.txt,ok,Dead Space,https://en.wikipedia.org/wiki/Dead_Space,8.00,31251,5113
1694600,THE HOUSE OF THE DEAD: Remake,1694600_THE HOUSE OF THE DEAD - Remake.txt,ok,The House of the Dead (video game),https://en.wikipedia.org/wiki/The_House_of_the_Dead_(video_game),8.00,13893,2326
1696440,The Matchless Kungfu,,no_match,,,,0,0
1696810,Railroads Online,,no_match,,,,0,0
1697700,Who's Lila?,1697700_Who's Lila_.txt,ok,Who's Lila?,https://en.wikipedia.org/wiki/Who%27s_Lila%3F,8.00,7704,1236
1698960,Project Kat - Paper Lily Prologue,,no_match,,,,0,0
1700870,Clanfolk,,no_match,,,,0,0
1701520,Afterimage,,no_match,,,,0,0
1702010,Sengoku Dynasty,,no_match,,,,0,0
1702330,Rune Factory 5,1702330_Rune Factory 5.txt,ok,Rune Factory 5,https://en.wikipedia.org/wiki/Rune_Factory_5,8.00,5024,838
1703340,The Stanley Parable: Ultra Deluxe,1703340_The Stanley Parable - Ultra Deluxe.txt,ok,The Stanley Parable,https://en.wikipedia.org/wiki/The_Stanley_Parable,6.47,32286,5359
1705180,"Gunner, HEAT, PC!",,no_match,,,,0,0
1708010,The Expanse: A Telltale Series,1708010_The Expanse - A Telltale Series.txt,ok,The Expanse: A Telltale Series,https://en.wikipedia.org/wiki/The_Expanse:_A_Telltale_Series,8.00,2476,383
1708850,Drug Dealer Simulator 2,1708850_Drug Dealer Simulator 2.txt,ok,Drug Dealer Simulator,https://en.wikipedia.org/wiki/Drug_Dealer_Simulator,7.73,3411,556
1710170,Blade of Darkness,1710170_Blade of Darkness.txt,ok,Severance: Blade of Darkness,https://en.wikipedia.org/wiki/Severance:_Blade_of_Darkness,6.64,9035,1521
1712350,Riven,1712350_Riven.txt,ok,Riven,https://en.wikipedia.org/wiki/Riven,8.00,22107,3609
1712840,Tiny Tina's Assault on Dragon Keep: A Wonderlands One-shot Adventure,,no_match,,,,0,0
1713610,Purrgatory,,no_match,,,,0,0
1714320,Find Love or Die Trying,,no_match,,,,0,0
1715130,Crysis Remastered,1715130_Crysis Remastered.txt,ok,Crysis (video game),https://en.wikipedia.org/wiki/Crysis_(video_game),6.53,29749,4857
1718130,SCP: Secret Files,1718130_SCP - Secret Files.txt,ok,SCP Foundation,https://en.wikipedia.org/wiki/SCP_Foundation,4.40,26723,4130
1718570,ASTLIBRA Revision,,no_match,,,,0,0
1721470,Poppy Playtime,1721470_Poppy Playtime.txt,ok,Poppy Playtime,https://en.wikipedia.org/wiki/Poppy_Playtime,8.00,29601,4739
1724190,Come Home,,no_match,,,,0,0
1726400,The Death | Thần Trùng,,no_match,,,,0,0
1727650,死寂（Deathly Stillness）,,no_match,,,,0,0
1730590,The Entropy Centre,1730590_The Entropy Centre.txt,ok,The Entropy Centre,https://en.wikipedia.org/wiki/The_Entropy_Centre,8.00,1389,218
1730680,Klonoa Phantasy Reverie Series,1730680_Klonoa Phantasy Reverie Series.txt,ok,Klonoa Phantasy Reverie Series,https://en.wikipedia.org/wiki/Klonoa_Phantasy_Reverie_Series,8.00,5287,833
1731070,Asterigos: Curse of the Stars,1731070_Asterigos - Curse of the Stars.txt,ok,Asterigos: Curse of the Stars,https://en.wikipedia.org/wiki/Asterigos:_Curse_of_the_Stars,8.00,2386,379
1732180,Kaiju Princess,,no_match,,,,0,0
1732190,FATAL FRAME / PROJECT ZERO: Maiden of Black Water,,no_match,,,,0,0
1735700,Back to the Dawn,1735700_Back to the Dawn.txt,ok,Back to the Dawn,https://en.wikipedia.org/wiki/Back_to_the_Dawn,8.00,9668,1637
1737100,Treasure of Nadia,,no_match,,,,0,0
1737870,REKA,,no_match,,,,0,0
1740720,Have a Nice Death,1740720_Have a Nice Death.txt,ok,Have a Nice Death,https://en.wikipedia.org/wiki/Have_a_Nice_Death,8.00,3592,589
1742020,Idol Showdown,1742020_Idol Showdown.txt,ok,Idol Showdown,https://en.wikipedia.org/wiki/Idol_Showdown,8.00,3539,571
1745510,Lunacid,1745510_Lunacid.txt,ok,Lunacid,https://en.wikipedia.org/wiki/Lunacid,8.00,1693,281
1746030,Murders on the Yangtze River,,no_match,,,,0,0
1746930,SunnySide,,no_match,,,,0,0
1747760,Momodora: Moonlit Farewell,1747760_Momodora - Moonlit Farewell.txt,ok,Momodora: Moonlit Farewell,https://en.wikipedia.org/wiki/Momodora:_Moonlit_Farewell,8.00,2304,365
1748620,FlipWitch - Forbidden Sex Hex,,no_match,,,,0,0
1749630,Chill Corner,,no_match,,,,0,0
1750770,Starcom: Unknown Space,,no_match,,,,0,0
1755830,Astrea: Six-Sided Oracles,,no_match,,,,0,0
1760250,Madden NFL 23,1760250_Madden NFL 23.txt,ok,Madden NFL 23,https://en.wikipedia.org/wiki/Madden_NFL_23,8.00,4293,730
1761390,Hatsune Miku: Project DIVA Mega Mix+,,no_match,,,,0,0
1764390,BAD END THEATER,,no_match,,,,0,0
1764530,Sailwind,,no_match,,,,0,0
1765350,候鸟,,no_match,,,,0,0
1766060,HumanitZ,,no_match,,,,0,0
1768640,Leap of Faith,,no_match,,,,0,0
1771980,The Operator,,no_match,,,,0,0
1774580,STAR WARS Jedi: Survivor,,no_match,,,,0,0
1776380,STAR OCEAN THE DIVINE FORCE,,no_match,,,,0,0
1777620,Soul Hackers 2,1777620_Soul Hackers 2.txt,ok,Soul Hackers 2,https://en.wikipedia.org/wiki/Soul_Hackers_2,8.00,17583,2797
1778820,TEKKEN 8,1778820_TEKKEN 8.txt,ok,Tekken,https://en.wikipedia.org/wiki/Tekken,7.14,35606,5904
1782120,ZERO Sievert,,no_match,,,,0,0
1782210,Crab Game,1782210_Crab Game.txt,ok,Crab Game,https://en.wikipedia.org/wiki/Crab_Game,8.00,4732,804
1782380,SCP: Containment Breach Multiplayer,,no_match,,,,0,0
1785150,Friends vs Friends,1785150_Friends vs Friends.txt,ok,Friends vs Friends,https://en.wikipedia.org/wiki/Friends_vs_Friends,8.00,1505,257
1785650,TopSpin 2K25,1785650_TopSpin 2K25.txt,ok,TopSpin 2K25,https://en.wikipedia.org/wiki/TopSpin_2K25,8.00,1091,190
1789480,Marauders,1789480_Marauders.txt,ok,Marauder,https://en.wikipedia.org/wiki/Marauder,7.65,3930,572
1790600,DRAGON BALL: Sparking! ZERO,,no_match,,,,0,0
1792250,Serious Sam: Siberian Mayhem,1792250_Serious Sam - Siberian Mayhem.txt,ok,Serious Sam: Siberian Mayhem,https://en.wikipedia.org/wiki/Serious_Sam:_Siberian_Mayhem,8.00,7840,1313
1794680,Vampire Survivors,1794680_Vampire Survivors.txt,ok,Vampire Survivors,https://en.wikipedia.org/wiki/Vampire_Survivors,8.00,15603,2517
1794960,Sonic Origins,1794960_Sonic Origins.txt,ok,Sonic Origins,https://en.wikipedia.org/wiki/Sonic_Origins,8.00,11662,1845
1796220,Laika: Aged Through Blood,1796220_Laika - Aged Through Blood.txt,ok,Laika: Aged Through Blood,https://en.wikipedia.org/wiki/Laika:_Aged_Through_Blood,8.00,15028,2456
1797880,Lost Light,,no_match,,,,0,0
1799930,Redout 2,,no_match,,,,0,0
1801110,BOKURA,,no_match,,,,0,0
1805480,Like a Dragon: Ishin!,1805480_Like a Dragon - Ishin!.txt,ok,Like a Dragon: Ishin!,https://en.wikipedia.org/wiki/Like_a_Dragon:_Ishin!,8.00,18616,2962
1807080,Ghost Exile,,no_match,,,,0,0
1809540,Nine Sols,1809540_Nine Sols.txt,ok,Nine Sols,https://en.wikipedia.org/wiki/Nine_Sols,8.00,6953,1153
1809700,Persona 3 Portable,1809700_Persona 3 Portable.txt,ok,Persona 3,https://en.wikipedia.org/wiki/Persona_3,6.00,42247,6992
1810580,Nobody - The Turnaround,,no_match,,,,0,0
1811260,EA SPORTS FIFA 23,1811260_EA SPORTS FIFA 23.txt,ok,EA Sports,https://en.wikipedia.org/wiki/EA_Sports,6.15,15429,2632
1811990,Wildfrost,1811990_Wildfrost.txt,ok,Wildfrost,https://en.wikipedia.org/wiki/Wildfrost,8.00,3029,497
1812390,The Elder Scrolls II: Daggerfall,1812390_The Elder Scrolls II - Daggerfall.txt,ok,The Elder Scrolls II: Daggerfall,https://en.wikipedia.org/wiki/The_Elder_Scrolls_II:_Daggerfall,8.00,18470,3022
1812450,Bellwright,,no_match,,,,0,0
1812620,DSX,,no_match,,,,0,0
1812820,Bitburner,,no_match,,,,0,0
1815780,Asphalt Legends Unite,1815780_Asphalt Legends Unite.txt,ok,Asphalt Legends,https://en.wikipedia.org/wiki/Asphalt_Legends,7.00,8623,1408
1816300,HARVESTELLA,,no_match,,,,0,0
1816570,江湖十一,,no_match,,,,0,0
1817070,Marvel’s Spider-Man Remastered,,no_match,,,,0,0
1817190,Marvel’s Spider-Man: Miles Morales,1817190_Marvel’s Spider-Man - Miles Morales.txt,ok,Marvel's Spider-Man: Miles Morales,https://en.wikipedia.org/wiki/Marvel%27s_Spider-Man:_Miles_Morales,7.91,19157,3072
1817230,Hi-Fi RUSH,,no_match,,,,0,0
1818450,STALCRAFT: X,,no_match,,,,0,0
1818750,MultiVersus,1818750_MultiVersus.txt,ok,MultiVersus,https://en.wikipedia.org/wiki/MultiVersus,8.00,16588,2639
1824220,Chivalry 2,1824220_Chivalry 2.txt,ok,Chivalry 2,https://en.wikipedia.org/wiki/Chivalry_2,8.00,5674,944
1827180,Toram Online,,no_match,,,,0,0
1830840,The Planet Crafter: Prologue,,no_match,,,,0,0
1832640,Mirror 2: Project X,,no_match,,,,0,0
1836730,Echo Point Nova,,no_match,,,,0,0
1839950,Terminator: Dark Fate - Defiance,1839950_Terminator - Dark Fate - Defiance.txt,ok,List of Terminator video games,https://en.wikipedia.org/wiki/List_of_Terminator_video_games,5.05,16671,2719
1840080,Homeworld 3,1840080_Homeworld 3.txt,ok,Homeworld 3,https://en.wikipedia.org/wiki/Homeworld_3,8.00,6777,1067
1843760,Rogue Tower,,no_match,,,,0,0
1844380,Warhammer Age of Sigmar: Realms of Ruin,1844380_Warhammer Age of Sigmar - Realms of Ruin.txt,ok,Warhammer Age of Sigmar: Realms of Ruin,https://en.wikipedia.org/wiki/Warhammer_Age_of_Sigmar:_Realms_of_Ruin,8.00,8139,1312
1845910,Dragon Age: The Veilguard,1845910_Dragon Age - The Veilguard.txt,ok,Dragon Age: The Veilguard,https://en.wikipedia.org/wiki/Dragon_Age:_The_Veilguard,8.00,30027,4738
1846170,Iron Lung,1846170_Iron Lung.txt,ok,Iron Lung (video game),https://en.wikipedia.org/wiki/Iron_Lung_(video_game),6.72,7928,1283
1846380,Need for Speed Unbound,1846380_Need for Speed Unbound.txt,ok,Need for Speed Unbound,https://en.wikipedia.org/wiki/Need_for_Speed_Unbound,8.00,12155,2011
1848450,Nightmare of Decay,,no_match,,,,0,0
1849000,SEX with HITLER,,no_match,,,,0,0
1849250,EA SPORTS WRC 24,,no_match,,,,0,0
1850510,TRIANGLE STRATEGY,,no_match,,,,0,0
1850570,DEATH STRANDING DIRECTOR'S CUT,,no_match,,,,0,0
1850740,Ghost Watchers,,no_match,,,,0,0
1857090,Norland,,no_match,,,,0,0
1858630,SWORD ART ONLINE Fractured Daydream,,no_match,,,,0,0
1859910,Legend of Mortal,,no_match,,,,0,0
1860510,Total Conflict: Resistance,,no_match,,,,0,0
1865370,The one who pulls out the sword will be crowned king,,no_match,,,,0,0
1866180,Hooked on You: A Dead by Daylight Dating Sim,1866180_Hooked on You - A Dead by Daylight Dating Sim.txt,ok,Hooked on You: A Dead by Daylight Dating Sim,https://en.wikipedia.org/wiki/Hooked_on_You:_A_Dead_by_Daylight_Dating_Sim,8.00,3267,552
1868140,DAVE THE DIVER,,no_match,,,,0,0
1869590,Omega Strikers,1869590_Omega Strikers.txt,ok,Omega Strikers,https://en.wikipedia.org/wiki/Omega_Strikers,8.00,2032,336
1874490,Potionomics,1874490_Potionomics.txt,ok,Potionomics,https://en.wikipedia.org/wiki/Potionomics,8.00,4618,727
1874880,Arma Reforger,1874880_Arma Reforger.txt,ok,Arma Reforger,https://en.wikipedia.org/wiki/Arma_Reforger,8.00,3912,591
1875830,Shin Megami Tensei V: Vengeance,1875830_Shin Megami Tensei V - Vengeance.txt,ok,Shin Megami Tensei V,https://en.wikipedia.org/wiki/Shin_Megami_Tensei_V,6.80,28526,4499
1876890,Wandering Sword,,no_match,,,,0,0
1877020,Jujutsu Kaisen Cursed Clash,,no_match,,,,0,0
1880330,Sanfu,,no_match,,,,0,0
1881700,Undawn,1881700_Undawn.txt,ok,Undawn,https://en.wikipedia.org/wiki/Undawn,8.00,1012,165
1887840,Another Crab's Treasure,1887840_Another Crab's Treasure.txt,ok,Another Crab's Treasure,https://en.wikipedia.org/wiki/Another_Crab%27s_Treasure,8.00,7839,1283
1888160,ARMORED CORE VI FIRES OF RUBICON,,no_match,,,,0,0
1888930,The Last of Us Part I,1888930_The Last of Us Part I.txt,ok,The Last of Us Part I,https://en.wikipedia.org/wiki/The_Last_of_Us_Part_I,8.00,25543,3910
1891700,Tap Ninja - Idle game,,no_match,,,,0,0
1893810,Solium Infernum,1893810_Solium Infernum.txt,ok,Solium Infernum,https://en.wikipedia.org/wiki/Solium_Infernum,8.00,2280,370
1894430,Plan B: Terraform,,no_match,,,,0,0
1895350,I Wani Hug that Gator!,,no_match,,,,0,0
1895880,Ratchet & Clank: Rift Apart,1895880_Ratchet & Clank - Rift Apart.txt,ok,Ratchet & Clank: Rift Apart,https://en.wikipedia.org/wiki/Ratchet_%26_Clank:_Rift_Apart,8.00,19733,3205
1896700,Wylde Flowers,,no_match,,,,0,0
1898300,ASKA,1898300_ASKA.txt,ok,Aska,https://en.wikipedia.org/wiki/Aska,8.00,1309,204
1901370,Ib,1901370_Ib.txt,ok,Ib (video game),https://en.wikipedia.org/wiki/Ib_(video_game),4.60,6762,1098
1902490,Aperture Desk Job,1902490_Aperture Desk Job.txt,ok,Aperture Desk Job,https://en.wikipedia.org/wiki/Aperture_Desk_Job,8.00,6868,1177
1902690,Fate/Samurai Remnant,1902690_Fate_Samurai Remnant.txt,ok,Fate/Samurai Remnant,https://en.wikipedia.org/wiki/Fate/Samurai_Remnant,8.00,10527,1687
1903620,Killer Frequency,1903620_Killer Frequency.txt,ok,Killer Frequency,https://en.wikipedia.org/wiki/Killer_Frequency,8.00,2790,447
1904540,Football Manager 2023,1904540_Football Manager 2023.txt,ok,Football Manager 2023,https://en.wikipedia.org/wiki/Football_Manager_2023,8.00,1784,288
1905180,OBS Studio,,no_match,,,,0,0
1910580,click to ten,,no_match,,,,0,0
1911390,Knightfall: A Daring Journey,,no_match,,,,0,0
1911610,Windblown,1911610_Windblown.txt,ok,Windblown,https://en.wikipedia.org/wiki/Windblown,8.00,3033,502
1913210,AEW: Fight Forever,,no_match,,,,0,0
1919590,NBA 2K23,1919590_NBA 2K23.txt,ok,NBA 2K23,https://en.wikipedia.org/wiki/NBA_2K23,8.00,3999,682
1920490,The Outer Worlds: Spacer's Choice Edition,1920490_The Outer Worlds - Spacer's Choice Edition.txt,ok,The Outer Worlds,https://en.wikipedia.org/wiki/The_Outer_Worlds,5.43,34512,5498
1920780,Stray Gods: The Roleplaying Musical,,no_match,,,,0,0
1920960,VPet-Simulator,,no_match,,,,0,0
1922560,Plants vs. Zombies Garden Warfare 2: Deluxe Edition,,no_match,,,,0,0
1924490,Gigantic: Rampage Edition,,no_match,,,,0,0
1927720,Monument Valley: Panoramic Edition,,no_match,,,,0,0
1927780,Galaxy Life,,no_match,,,,0,0
1928420,Farlight 84,,no_match,,,,0,0
1928980,Nightingale,1928980_Nightingale.txt,ok,Nightingale (video game),https://en.wikipedia.org/wiki/Nightingale_(video_game),7.00,3884,595
1929610,Demonologist,,no_match,,,,0,0
1931730,Fort Solis,1931730_Fort Solis.txt,ok,Fort Solis,https://en.wikipedia.org/wiki/Fort_Solis,8.00,13938,2160
1931770,Chants of Sennaar,1931770_Chants of Sennaar.txt,ok,Chants of Sennaar,https://en.wikipedia.org/wiki/Chants_of_Sennaar,8.00,10398,1664
1934680,Age of Mythology: Retold,1934680_Age of Mythology - Retold.txt,ok,Age of Mythology: Retold,https://en.wikipedia.org/wiki/Age_of_Mythology:_Retold,8.00,22926,3752
1937500,Let's School,1937500_Let's School.txt,ok,Let's School,https://en.wikipedia.org/wiki/Let%27s_School,8.00,1926,330
1937780,Total War: PHARAOH,,no_match,,,,0,0
1938010,WILD HEARTS,,no_match,,,,0,0
1938090,Call of Duty,1938090_Call of Duty.txt,ok,Call of Duty (video game),https://en.wikipedia.org/wiki/Call_of_Duty_(video_game),7.11,16149,2663
1939970,Nobody Wants to Die,1939970_Nobody Wants to Die.txt,ok,Nobody Wants to Die,https://en.wikipedia.org/wiki/Nobody_Wants_to_Die,8.00,2803,455
1940340,Darkest Dungeon II,1940340_Darkest Dungeon II.txt,ok,Darkest Dungeon II,https://en.wikipedia.org/wiki/Darkest_Dungeon_II,8.00,6213,1042
1941780,Zumbi Blocks 2 Open Alpha,,no_match,,,,0,0
1942120,The Complex: Found Footage,,no_match,,,,0,0
1942280,Brotato,1942280_Brotato.txt,ok,Brotato,https://en.wikipedia.org/wiki/Brotato,8.00,3214,513
1943950,Escape the Backrooms,1943950_Escape the Backrooms.txt,ok,Escape the Backrooms,https://en.wikipedia.org/wiki/Escape_the_Backrooms,8.00,2462,410
1944430,Amnesia: The Bunker,1944430_Amnesia - The Bunker.txt,ok,Amnesia: The Bunker,https://en.wikipedia.org/wiki/Amnesia:_The_Bunker,8.00,8904,1476
1944570,Boneraiser Minions,,no_match,,,,0,0
1944790,Train Sim World 3,1944790_Train Sim World 3.txt,ok,Train Sim World,https://en.wikipedia.org/wiki/Train_Sim_World,7.62,23185,3767
1947500,The Walking Dead: Saints & Sinners - Chapter 2: Retribution,1947500_The Walking Dead - Saints & Sinners - Chapter 2 - Retribution.txt,ok,The Walking Dead: Saints & Sinners – Chapter 2: Retribution,https://en.wikipedia.org/wiki/The_Walking_Dead:_Saints_%26_Sinners_%E2%80%93_Chapter_2:_Retribution,8.00,4881,822
1948280,Stacklands,1948280_Stacklands.txt,ok,Stacklands,https://en.wikipedia.org/wiki/Stacklands,8.00,3992,653
1949030,Sherlock Holmes The Awakened,,no_match,,,,0,0
1949190,Necrosmith,,no_match,,,,0,0
1949740,Banana Shooter,,no_match,,,,0,0
1953520,WRC Generations – The FIA WRC Official Game,,no_match,,,,0,0
1954200,Kena: Bridge of Spirits,1954200_Kena - Bridge of Spirits.txt,ok,Kena: Bridge of Spirits,https://en.wikipedia.org/wiki/Kena:_Bridge_of_Spirits,8.00,32801,5256
1955960,HAWKED,,no_match,,,,0,0
1956040,Kingdom Eighties,1956040_Kingdom Eighties.txt,ok,Kingdom (video game),https://en.wikipedia.org/wiki/Kingdom_(video_game),6.88,7626,1275
1957780,Ghosts of Tabor,,no_match,,,,0,0
1958220,WitchSpring R,,no_match,,,,0,0
1961460,PROJECT: PLAYTIME,,no_match,,,,0,0
1963370,No One Survived,,no_match,,,,0,0
1963570,Cuisineer,,no_match,,,,0,0
1966720,Lethal Company,,no_match,,,,0,0
1966900,20 Minutes Till Dawn,1966900_20 Minutes Till Dawn.txt,ok,From Dusk till Dawn,https://en.wikipedia.org/wiki/From_Dusk_till_Dawn,6.00,11887,2004
1967430,Ghost Trick: Phantom Detective,1967430_Ghost Trick - Phantom Detective.txt,ok,Ghost Trick: Phantom Detective,https://en.wikipedia.org/wiki/Ghost_Trick:_Phantom_Detective,8.00,30959,4923
1967630,Survival: Fountain of Youth,,no_match,,,,0,0
1968840,Scarlet Maiden,,no_match,,,,0,0
1969870,Battle Teams 2,,no_match,,,,0,0
1970580,Backpack Hero,1970580_Backpack Hero.txt,ok,Backpack Hero,https://en.wikipedia.org/wiki/Backpack_Hero,8.00,3405,551
1971650,OCTOPATH TRAVELER II,,no_match,,,,0,0
1971870,Mortal Kombat 1,1971870_Mortal Kombat 1.txt,ok,Mortal Kombat 1,https://en.wikipedia.org/wiki/Mortal_Kombat_1,8.00,20593,3324
1972440,Shotgun King: The Final Checkmate,1972440_Shotgun King - The Final Checkmate.txt,ok,Shotgun King: The Final Checkmate,https://en.wikipedia.org/wiki/Shotgun_King:_The_Final_Checkmate,8.00,2349,403
1973530,Limbus Company,,no_match,,,,0,0
1974050,Torchlight: Infinite,1974050_Torchlight - Infinite.txt,ok,Torchlight: Infinite,https://en.wikipedia.org/wiki/Torchlight:_Infinite,8.00,3586,558
1977170,Jusant,1977170_Jusant.txt,ok,Jusant,https://en.wikipedia.org/wiki/Jusant,8.00,4589,741
1977530,One-armed cook,,no_match,,,,0,0
1981570,Land of the Vikings,,no_match,,,,0,0
1981610,Wanted: Dead,1981610_Wanted - Dead.txt,ok,Wanted: Dead,https://en.wikipedia.org/wiki/Wanted:_Dead,8.00,2530,406
1981820,Strike Force Heroes,,no_match,,,,0,0
1985170,"Warhammer 40,000: Warpforge",,no_match,,,,0,0
1985690,The Looker,1985690_The Looker.txt,ok,The Witness (2016 video game),https://en.wikipedia.org/wiki/The_Witness_(2016_video_game),3.95,36271,6049
1985810,Call of Duty: Black Ops Cold War,1985810_Call of Duty - Black Ops Cold War.txt,ok,Call of Duty: Black Ops Cold War,https://en.wikipedia.org/wiki/Call_of_Duty:_Black_Ops_Cold_War,8.00,23511,3809
1987080,Inside the Backrooms,,no_match,,,,0,0
1988550,To The Core,,no_match,,,,0,0
1989270,Slay the Princess — The Pristine Cut,1989270_Slay the Princess — The Pristine Cut.txt,ok,Slay the Princess,https://en.wikipedia.org/wiki/Slay_the_Princess,6.00,12498,2084
1995520,Pax Dei,1995520_Pax Dei.txt,ok,Pax Dei (video game),https://en.wikipedia.org/wiki/Pax_Dei_(video_game),6.36,1527,260
1996010,Crow Country,1996010_Crow Country.txt,ok,Crow Country,https://en.wikipedia.org/wiki/Crow_Country,8.00,11623,1852
1997040,MARVEL SNAP,,no_match,,,,0,0
1999360,Placid Plastic Duck Simulator,,no_match,,,,0,0
2000890,MechWarrior 5: Clans,2000890_MechWarrior 5 - Clans.txt,ok,MechWarrior 5: Clans,https://en.wikipedia.org/wiki/MechWarrior_5:_Clans,8.00,2728,436
2000950,Call of Duty: Modern Warfare,2000950_Call of Duty - Modern Warfare.txt,ok,Call of Duty,https://en.wikipedia.org/wiki/Call_of_Duty,5.69,40818,6889
2005010,"Warhammer 40,000: Boltgun","2005010_Warhammer 40,000 - Boltgun.txt",ok,"Warhammer 40,000: Boltgun","https://en.wikipedia.org/wiki/Warhammer_40,000:_Boltgun",8.00,4670,754
2009100,Immortals of Aveum,2009100_Immortals of Aveum.txt,ok,Immortals of Aveum,https://en.wikipedia.org/wiki/Immortals_of_Aveum,8.00,6725,1087
2012510,Stormgate,2012510_Stormgate.txt,ok,Stormgate,https://en.wikipedia.org/wiki/Stormgate,8.00,1778,284
2012840,Portal with RTX,2012840_Portal with RTX.txt,ok,Portal (video game),https://en.wikipedia.org/wiki/Portal_(video_game),6.38,35618,5844
2014780,X-Plane 12,2014780_X-Plane 12.txt,ok,X-Plane (simulator),https://en.wikipedia.org/wiki/X-Plane_(simulator),5.56,924,143
2015240,Dwarven Realms,,no_match,,,,0,0
2015270,Rotwood,2015270_Rotwood.txt,ok,Rotwood,https://en.wikipedia.org/wiki/Rotwood,8.00,1563,262
2016590,Dark and Darker,2016590_Dark and Darker.txt,ok,Dark and Darker,https://en.wikipedia.org/wiki/Dark_and_Darker,8.00,6393,1058
2021880,Ara: History Untold,2021880_Ara - History Untold.txt,ok,Ara: History Untold,https://en.wikipedia.org/wiki/Ara:_History_Untold,8.00,2527,388
2021910,FPS Chess,,no_match,,,,0,0
2022180,Miss Neko 3,,no_match,,,,0,0
2022670,SONIC SUPERSTARS,,no_match,,,,0,0
2050650,Resident Evil 4,2050650_Resident Evil 4.txt,ok,Resident Evil 4,https://en.wikipedia.org/wiki/Resident_Evil_4,8.00,36603,6053
2051620,Enlisted,2051620_Enlisted.txt,ok,Enlisted (video game),https://en.wikipedia.org/wiki/Enlisted_(video_game),6.56,14030,2392
2054970,Dragon's Dogma 2,2054970_Dragon's Dogma 2.txt,ok,Dragon's Dogma 2,https://en.wikipedia.org/wiki/Dragon%27s_Dogma_2,8.00,11653,1978
2058180,Judgment,2058180_Judgment.txt,ok,Judgment (video game),https://en.wikipedia.org/wiki/Judgment_(video_game),6.56,33234,5247
2058190,Lost Judgment,2058190_Lost Judgment.txt,ok,Lost Judgment,https://en.wikipedia.org/wiki/Lost_Judgment,8.00,34806,5642
2060130,Return to Monkey Island,2060130_Return to Monkey Island.txt,ok,Return to Monkey Island,https://en.wikipedia.org/wiki/Return_to_Monkey_Island,8.00,18260,3025
2064650,Tower of Fantasy,2064650_Tower of Fantasy.txt,ok,Tower of Fantasy,https://en.wikipedia.org/wiki/Tower_of_Fantasy,8.00,6264,1009
2064870,Deceit 2,2064870_Deceit 2.txt,ok,Deceit 2,https://en.wikipedia.org/wiki/Deceit_2,8.00,5126,809
2066020,Soulstone Survivors,,no_match,,,,0,0
2067920,Rogue: Genesia,,no_match,,,,0,0
2068280,Nordic Ashes: Survivors of Ragnarok,,no_match,,,,0,0
2070550,A Castle Full of Cats,,no_match,,,,0,0
2071280,Ravenswatch,,no_match,,,,0,0
2071500,Islands of Insight,2071500_Islands of Insight.txt,ok,Islands of Insight,https://en.wikipedia.org/wiki/Islands_of_Insight,8.00,1348,215
2072450,Like a Dragon: Infinite Wealth,2072450_Like a Dragon - Infinite Wealth.txt,ok,Like a Dragon: Infinite Wealth,https://en.wikipedia.org/wiki/Like_a_Dragon:_Infinite_Wealth,8.00,21353,3385
2073850,THE FINALS,,no_match,,,,0,0
2074920,The First Descendant,2074920_The First Descendant.txt,ok,The First Descendant,https://en.wikipedia.org/wiki/The_First_Descendant,8.00,6772,1080
2075070,KinitoPET,,no_match,,,,0,0
2078450,"Warhammer 40,000: Speed Freeks",,no_match,,,,0,0
2080690,Sunkenland,,no_match,,,,0,0
2084000,Shogun Showdown,2084000_Shogun Showdown.txt,ok,Shogun Showdown,https://en.wikipedia.org/wiki/Shogun_Showdown,8.00,5594,942
2088570,Tiny Rogues,,no_match,,,,0,0
2095300,Breakout 13,,no_match,,,,0,0
2096600,Crysis 2 Remastered,2096600_Crysis 2 Remastered.txt,ok,Crysis 2,https://en.wikipedia.org/wiki/Crysis_2,5.56,24021,3959
2096610,Crysis 3 Remastered,2096610_Crysis 3 Remastered.txt,ok,Crysis 3,https://en.wikipedia.org/wiki/Crysis_3,5.56,28102,4604
2102450,Enotria: The Last Song,,no_match,,,,0,0
2103140,Magicraft,2103140_Magicraft.txt,ok,Magicraft,https://en.wikipedia.org/wiki/Magicraft,8.00,1254,179
2106840,PARANORMASIGHT: The Seven Mysteries of Honjo,,no_match,,,,0,0
2108330,F1 23,2108330_F1 23.txt,ok,F1 23,https://en.wikipedia.org/wiki/F1_23,8.00,11044,1861
2109370,The Great War: Western Front,2109370_The Great War - Western Front.txt,ok,The Great War: Western Front,https://en.wikipedia.org/wiki/The_Great_War:_Western_Front,8.00,4399,710
2109460,VillageRhapsody,,no_match,,,,0,0
2111190,MULLET MADJACK,,no_match,,,,0,0
2113850,Spirit City: Lofi Sessions,,no_match,,,,0,0
2114740,Blasphemous 2,2114740_Blasphemous 2.txt,ok,Blasphemous 2,https://en.wikipedia.org/wiki/Blasphemous_2,8.00,9551,1563
2116120,Incursion Red River,,no_match,,,,0,0
2121360,东北之夏,,no_match,,,,0,0
2121980,Void Stranger,2121980_Void Stranger.txt,ok,Void Stranger,https://en.wikipedia.org/wiki/Void_Stranger,8.00,8688,1416
2123640,Hollowbody,,no_match,,,,0,0
2124120,SULFUR,,no_match,,,,0,0
2124490,SILENT HILL 2,2124490_SILENT HILL 2.txt,ok,Silent Hill,https://en.wikipedia.org/wiki/Silent_Hill,7.50,31070,5022
2131630,METAL GEAR SOLID - Master Collection Version,2131630_METAL GEAR SOLID - Master Collection Version.txt,ok,Metal Gear Solid (video game),https://en.wikipedia.org/wiki/Metal_Gear_Solid_(video_game),6.30,41175,6729
2131650,METAL GEAR SOLID 3: Snake Eater - Master Collection Version,,no_match,,,,0,0
2132850,Rabbit and Steel,2132850_Rabbit and Steel.txt,ok,Rabbit and Steel,https://en.wikipedia.org/wiki/Rabbit_and_Steel,8.00,3128,509
2135150,Elin,,no_match,,,,0,0
2139460,Once Human,2139460_Once Human.txt,ok,Once Human (video game),https://en.wikipedia.org/wiki/Once_Human_(video_game),6.87,8903,1479
2140020,Stronghold: Definitive Edition,2140020_Stronghold - Definitive Edition.txt,ok,Stronghold (2001 video game),https://en.wikipedia.org/wiki/Stronghold_(2001_video_game),5.05,13044,2151
2140330,Madden NFL 24,2140330_Madden NFL 24.txt,ok,Madden NFL 24,https://en.wikipedia.org/wiki/Madden_NFL_24,8.00,2818,469
2140510,Town of Salem 2,2140510_Town of Salem 2.txt,ok,Town of Salem,https://en.wikipedia.org/wiki/Town_of_Salem,7.57,8537,1431
2141730,Backrooms: Escape Together,,no_match,,,,0,0
2142790,Fields of Mistria,2142790_Fields of Mistria.txt,ok,Fields of Mistria,https://en.wikipedia.org/wiki/Fields_of_Mistria,8.00,8485,1368
2144740,Ghostrunner 2,2144740_Ghostrunner 2.txt,ok,Ghostrunner 2,https://en.wikipedia.org/wiki/Ghostrunner_2,8.00,8344,1367
2155180,Pioneers of Pagonia,,no_match,,,,0,0
2156210,"Warhammer 40,000: Darktide Playtest",,no_match,,,,0,0
2157560,Granblue Fantasy Versus: Rising,2157560_Granblue Fantasy Versus - Rising.txt,ok,Granblue Fantasy Versus: Rising,https://en.wikipedia.org/wiki/Granblue_Fantasy_Versus:_Rising,8.00,4992,801
2161440,Sailing Era,,no_match,,,,0,0
2161700,Persona 3 Reload,2161700_Persona 3 Reload.txt,ok,Persona 3 Reload,https://en.wikipedia.org/wiki/Persona_3_Reload,8.00,33310,5298
2162800,shapez 2,2162800_shapez 2.txt,ok,Shapez 2,https://en.wikipedia.org/wiki/Shapez_2,8.00,3060,500
2163330,Yet Another Zombie Survivors,,no_match,,,,0,0
2166060,Amanda the Adventurer,2166060_Amanda the Adventurer.txt,ok,Amanda the Adventurer,https://en.wikipedia.org/wiki/Amanda_the_Adventurer,8.00,12724,2095
2167580,Summoners War: Chronicles,,no_match,,,,0,0
2168680,Nuclear Option,,no_match,,,,0,0
2171440,Fear & Hunger 2: Termina,2171440_Fear & Hunger 2 - Termina.txt,ok,Fear & Hunger,https://en.wikipedia.org/wiki/Fear_%26_Hunger,6.12,19727,3258
2172010,Until Dawn,2172010_Until Dawn.txt,ok,Until Dawn,https://en.wikipedia.org/wiki/Until_Dawn,8.00,31791,5059
2173800,Projekt: Passion - Season 1,,no_match,,,,0,0
2179850,Cobalt Core,,no_match,,,,0,0
2181610,Heretic's Fork,,no_match,,,,0,0
2181930,DR LIVESEY ROM AND DEATH EDITION,,no_match,,,,0,0
2183900,"Warhammer 40,000: Space Marine 2","2183900_Warhammer 40,000 - Space Marine 2.txt",ok,"Warhammer 40,000: Space Marine 2","https://en.wikipedia.org/wiki/Warhammer_40,000:_Space_Marine_2",8.00,12952,2081
2186680,"Warhammer 40,000: Rogue Trader","2186680_Warhammer 40,000 - Rogue Trader.txt",ok,"Warhammer 40,000: Rogue Trader (video game)","https://en.wikipedia.org/wiki/Warhammer_40,000:_Rogue_Trader_(video_game)",8.04,11367,1818
2187290,Wall World,,no_match,,,,0,0
2194530,Yog-Sothoth’s Yard,,no_match,,,,0,0
2195250,EA SPORTS FC 24,2195250_EA SPORTS FC 24.txt,ok,EA Sports,https://en.wikipedia.org/wiki/EA_Sports,6.50,15429,2632
2197910,Dawnlands,,no_match,,,,0,0
2198150,Tiny Glade,2198150_Tiny Glade.txt,ok,Tiny Glade,https://en.wikipedia.org/wiki/Tiny_Glade,8.00,3351,562
2198510,New Cycle,,no_match,,,,0,0
2200780,My Dream Setup,,no_match,,,,0,0
2201940,Ship Graveyard Simulator 2,,no_match,,,,0,0
2208920,Assassin's Creed Valhalla,2208920_Assassin's Creed Valhalla.txt,ok,Assassin's Creed Valhalla,https://en.wikipedia.org/wiki/Assassin%27s_Creed_Valhalla,8.00,42593,6853
2212330,Your Only Move Is HUSTLE,,no_match,,,,0,0
2215430,Ghost of Tsushima DIRECTOR'S CUT,,no_match,,,,0,0
2217000,Rivals of Aether II,2217000_Rivals of Aether II.txt,ok,Rivals of Aether II,https://en.wikipedia.org/wiki/Rivals_of_Aether_II,8.00,4470,731
2218750,Halls of Torment,2218750_Halls of Torment.txt,ok,Halls of Torment,https://en.wikipedia.org/wiki/Halls_of_Torment,8.00,6109,989
2220360,Paper Lily - Chapter 1,,no_match,,,,0,0
2221490,Tom Clancy’s The Division 2,2221490_Tom Clancy’s The Division 2.txt,ok,Tom Clancy's Rainbow Six (video game),https://en.wikipedia.org/wiki/Tom_Clancy%27s_Rainbow_Six_(video_game),6.54,26127,4098
2221920,Immortals Fenyx Rising,2221920_Immortals Fenyx Rising.txt,ok,Immortals Fenyx Rising,https://en.wikipedia.org/wiki/Immortals_Fenyx_Rising,8.00,11418,1899
2223840,The Casting of Frank Stone,2223840_The Casting of Frank Stone.txt,ok,The Casting of Frank Stone,https://en.wikipedia.org/wiki/The_Casting_of_Frank_Stone,8.00,5273,849
2225070,Trackmania,2225070_Trackmania.txt,ok,TrackMania,https://en.wikipedia.org/wiki/TrackMania,8.00,7923,1257
2230110,Fae Farm,2230110_Fae Farm.txt,ok,Fae Farm,https://en.wikipedia.org/wiki/Fae_Farm,8.00,8910,1496
2230650,TEVI,,no_match,,,,0,0
2230980,Caribbean Legend,,no_match,,,,0,0
2231380,Tom Clancy's Ghost Recon Breakpoint,2231380_Tom Clancy's Ghost Recon Breakpoint.txt,ok,Tom Clancy's Ghost Recon Breakpoint,https://en.wikipedia.org/wiki/Tom_Clancy%27s_Ghost_Recon_Breakpoint,8.00,29595,4693
2231450,Pizza Tower,2231450_Pizza Tower.txt,ok,Pizza Tower,https://en.wikipedia.org/wiki/Pizza_Tower,8.00,20736,3350
2232840,Garten of Banban,,no_match,,,,0,0
2237980,Outpath: First Journey,,no_match,,,,0,0
2238900,STAR OCEAN THE SECOND STORY R,,no_match,,,,0,0
2239150,Thronefall,2239150_Thronefall.txt,ok,Thronefall,https://en.wikipedia.org/wiki/Thronefall,8.00,2781,440
2239550,Watch Dogs: Legion,2239550_Watch Dogs - Legion.txt,ok,Watch Dogs: Legion,https://en.wikipedia.org/wiki/Watch_Dogs:_Legion,8.00,30831,4866
2240530,BABBDI,,no_match,,,,0,0
2244130,Ratopia,,no_match,,,,0,0
2248760,Car For Sale Simulator 2023,,no_match,,,,0,0
2252570,Football Manager 2024,2252570_Football Manager 2024.txt,ok,Football Manager 2024,https://en.wikipedia.org/wiki/Football_Manager_2024,8.00,2062,333
2263010,Pineapple on pizza,,no_match,,,,0,0
226620,Desktop Dungeons,226620_Desktop Dungeons.txt,ok,Desktop Dungeons,https://en.wikipedia.org/wiki/Desktop_Dungeons,8.00,4817,788
2272900,Mirthwood,,no_match,,,,0,0
2273420,Peeping Dorm Manager,,no_match,,,,0,0
2273430,BlazBlue Entropy Effect,2273430_BlazBlue Entropy Effect.txt,ok,BlazBlue,https://en.wikipedia.org/wiki/BlazBlue,5.10,1590,256
2276930,Chillquarium,,no_match,,,,0,0
2281730,Combat Master: Season 2,,no_match,,,,0,0
2285150,The Front,,no_match,,,,0,0
2287220,F1 Manager 2023,2287220_F1 Manager 2023.txt,ok,F1 Manager 2023,https://en.wikipedia.org/wiki/F1_Manager_2023,8.00,1484,239
2290180,Riders Republic,2290180_Riders Republic.txt,ok,Riders Republic,https://en.wikipedia.org/wiki/Riders_Republic,8.00,5232,845
2291060,EARTH DEFENSE FORCE 6,,no_match,,,,0,0
2291760,Papa's Freezeria Deluxe,,no_match,,,,0,0
2293600,StrangerZ,,no_match,,,,0,0
2296990,We Were Here Expeditions: The FriendShip,2296990_We Were Here Expeditions - The FriendShip.txt,ok,We Were Here (series),https://en.wikipedia.org/wiki/We_Were_Here_(series),6.72,10365,1770
2302660,Homicipher,,no_match,,,,0,0
2303350,Sticky Business,,no_match,,,,0,0
2307350,Into the Radius 2,,no_match,,,,0,0
2313330,TerraTech Worlds,,no_match,,,,0,0
2315690,WWE 2K24,2315690_WWE 2K24.txt,ok,WWE 2K24,https://en.wikipedia.org/wiki/WWE_2K24,8.00,8429,1345
2321470,Deep Rock Galactic: Survivor,2321470_Deep Rock Galactic - Survivor.txt,ok,Deep Rock Galactic: Survivor,https://en.wikipedia.org/wiki/Deep_Rock_Galactic:_Survivor,8.00,3570,560
2322010,God of War Ragnarök,2322010_God of War Ragnarök.txt,ok,God of War Ragnarök,https://en.wikipedia.org/wiki/God_of_War_Ragnar%C3%B6k,8.00,49887,8267
2322560,Love Is All Around,2322560_Love Is All Around.txt,ok,Love Is All Around (video game),https://en.wikipedia.org/wiki/Love_Is_All_Around_(video_game),7.60,2274,354
2324650,The Murder of Sonic the Hedgehog,2324650_The Murder of Sonic the Hedgehog.txt,ok,The Murder of Sonic the Hedgehog,https://en.wikipedia.org/wiki/The_Murder_of_Sonic_the_Hedgehog,8.00,12313,2057
2325290,Sky: Children of the Light,2325290_Sky - Children of the Light.txt,ok,Sky: Children of the Light,https://en.wikipedia.org/wiki/Sky:_Children_of_the_Light,8.00,9202,1522
2328760,Pinball FX,2328760_Pinball FX.txt,ok,Pinball FX (2007),https://en.wikipedia.org/wiki/Pinball_FX_(2007),6.80,5430,897
2334730,Death Must Die,,no_match,,,,0,0
2336220,Feed the Cups,,no_match,,,,0,0
2338770,NBA 2K24,2338770_NBA 2K24.txt,ok,NBA 2K24,https://en.wikipedia.org/wiki/NBA_2K24,8.00,4488,761
2342950,God Of Weapons,,no_match,,,,0,0
2343650,Waven,,no_match,,,,0,0
2344520,Diablo IV,2344520_Diablo IV.txt,ok,Diablo IV,https://en.wikipedia.org/wiki/Diablo_IV,8.00,19096,3030
2357570,Overwatch 2,2357570_Overwatch 2.txt,ok,Overwatch (2023 video game),https://en.wikipedia.org/wiki/Overwatch_(2023_video_game),5.67,27800,4525
2357910,Home Safety Hotline,2357910_Home Safety Hotline.txt,ok,Home Safety Hotline,https://en.wikipedia.org/wiki/Home_Safety_Hotline,8.00,8736,1374
2358720,Black Myth: Wukong,2358720_Black Myth - Wukong.txt,ok,Black Myth: Wukong,https://en.wikipedia.org/wiki/Black_Myth:_Wukong,8.00,32333,5237
2362300,Train Sim World 4,2362300_Train Sim World 4.txt,ok,Train Sim World,https://en.wikipedia.org/wiki/Train_Sim_World,7.62,23185,3767
2365810,Pseudoregalia,2365810_Pseudoregalia.txt,ok,Pseudoregalia,https://en.wikipedia.org/wiki/Pseudoregalia,8.00,3278,533
2366980,Thank Goodness You're Here!,2366980_Thank Goodness You're Here!.txt,ok,Thank Goodness You're Here!,https://en.wikipedia.org/wiki/Thank_Goodness_You%27re_Here!,8.00,9980,1639
2368470,An Arcade Full of Cats,,no_match,,,,0,0
2369390,Far Cry 6,2369390_Far Cry 6.txt,ok,Far Cry 6,https://en.wikipedia.org/wiki/Far_Cry_6,8.00,20217,3289
2375550,Like a Dragon Gaiden: The Man Who Erased His Name,2375550_Like a Dragon Gaiden - The Man Who Erased His Name.txt,ok,Like a Dragon Gaiden: The Man Who Erased His Name,https://en.wikipedia.org/wiki/Like_a_Dragon_Gaiden:_The_Man_Who_Erased_His_Name,8.00,16627,2721
2378620,Anomaly Agent,,no_match,,,,0,0
2378900,The Coffin of Andy and Leyley,2378900_The Coffin of Andy and Leyley.txt,ok,The Coffin of Andy and Leyley,https://en.wikipedia.org/wiki/The_Coffin_of_Andy_and_Leyley,8.00,9019,1469
2379780,Balatro,2379780_Balatro.txt,ok,Balatro,https://en.wikipedia.org/wiki/Balatro,8.00,21232,3471
2380050,Star Trucker,2380050_Star Trucker.txt,ok,Star Trucker,https://en.wikipedia.org/wiki/Star_Trucker,8.00,2180,359
239140,Dying Light,239140_Dying Light.txt,ok,Dying Light,https://en.wikipedia.org/wiki/Dying_Light,8.00,31060,5042
2395210,Tony Hawk's Pro Skater 1 + 2,2395210_Tony Hawk's Pro Skater 1 + 2.txt,ok,Tony Hawk's Pro Skater 1 + 2,https://en.wikipedia.org/wiki/Tony_Hawk%27s_Pro_Skater_1_%2B_2,8.00,12424,2052
2399160,Soulash 2,,no_match,,,,0,0
2399420,Le Mans Ultimate,2399420_Le Mans Ultimate.txt,ok,Le Mans Ultimate,https://en.wikipedia.org/wiki/Le_Mans_Ultimate,8.00,3177,513
2399830,ARK: Survival Ascended,2399830_ARK - Survival Ascended.txt,ok,Ark: Survival Ascended,https://en.wikipedia.org/wiki/Ark:_Survival_Ascended,8.00,1717,279
2400510,Dungeons & Degenerate Gamblers,,no_match,,,,0,0
2406770,Bodycam,2406770_Bodycam.txt,ok,Bodycam (video game),https://en.wikipedia.org/wiki/Bodycam_(video_game),6.36,1173,191
2415010,A Date with Death,,no_match,,,,0,0
2418520,Farm Together 2,,no_match,,,,0,0
2420110,Horizon Forbidden West Complete Edition,2420110_Horizon Forbidden West Complete Edition.txt,ok,Horizon Forbidden West,https://en.wikipedia.org/wiki/Horizon_Forbidden_West,6.33,30223,4836
2420510,HoloCure - Save the Fans!,2420510_HoloCure - Save the Fans!.txt,ok,HoloCure – Save the Fans!,https://en.wikipedia.org/wiki/HoloCure_%E2%80%93_Save_the_Fans!,8.00,5909,975
2420660,Neva,2420660_Neva.txt,ok,Neva (video game),https://en.wikipedia.org/wiki/Neva_(video_game),5.53,5660,926
2426960,Summoners War,,no_match,,,,0,0
2427700,Backpack Battles,2427700_Backpack Battles.txt,ok,Backpack Battles,https://en.wikipedia.org/wiki/Backpack_Battles,8.00,5919,1003
2429640,THRONE AND LIBERTY,,no_match,,,,0,0
2437170,SMITE 2,,no_match,,,,0,0
2440380,Megaloot,,no_match,,,,0,0
2440510,Forza Motorsport,2440510_Forza Motorsport.txt,ok,Forza,https://en.wikipedia.org/wiki/Forza,4.86,25365,4165
2446550,STAR WARS: Battlefront Classic Collection,,no_match,,,,0,0
2448970,Dungeonborne,2448970_Dungeonborne.txt,ok,Dungeonborne,https://en.wikipedia.org/wiki/Dungeonborne,8.00,3857,615
2458560,Zoochosis,2458560_Zoochosis.txt,ok,Zoochosis (video game),https://en.wikipedia.org/wiki/Zoochosis_(video_game),6.72,3569,602
2461850,Senua’s Saga: Hellblade II,,no_match,,,,0,0
2475490,Mouthwashing,2475490_Mouthwashing.txt,ok,Mouthwashing (video game),https://en.wikipedia.org/wiki/Mouthwashing_(video_game),7.11,13286,2123
2478970,Tomb Raider I-III Remastered Starring Lara Croft,2478970_Tomb Raider I-III Remastered Starring Lara Croft.txt,ok,Tomb Raider I–III Remastered,https://en.wikipedia.org/wiki/Tomb_Raider_I%E2%80%93III_Remastered,6.32,8544,1357
2479810,Gray Zone Warfare,2479810_Gray Zone Warfare.txt,ok,Madfinger Games,https://en.wikipedia.org/wiki/Madfinger_Games,3.50,3170,538
2484110,FINAL FANTASY VII EVER CRISIS,2484110_FINAL FANTASY VII EVER CRISIS.txt,ok,Final Fantasy VII,https://en.wikipedia.org/wiki/Final_Fantasy_VII,6.43,62226,10030
2484250,ASTRA: Knights of Veda,,no_match,,,,0,0
2485640,Infection Free Zone – Prologue,,no_match,,,,0,0
2488510,FatalZone,,no_match,,,,0,0
2488620,F1 24,2488620_F1 24.txt,ok,F1 24,https://en.wikipedia.org/wiki/F1_24,8.00,4185,690
2490990,Visions of Mana,2490990_Visions of Mana.txt,ok,Visions of Mana,https://en.wikipedia.org/wiki/Visions_of_Mana,8.00,18089,2910
2497900,DON'T SCREAM,,no_match,,,,0,0
2504480,Indigo Park: Chapter 1,,no_match,,,,0,0
2513280,SONIC X SHADOW GENERATIONS,,no_match,,,,0,0
2515020,FINAL FANTASY XVI,2515020_FINAL FANTASY XVI.txt,ok,Final Fantasy,https://en.wikipedia.org/wiki/Final_Fantasy,7.20,44547,7088
251570,7 Days to Die,251570_7 Days to Die.txt,ok,7 Days to Die,https://en.wikipedia.org/wiki/7_Days_to_Die,8.00,15699,2510
251950,WWII Online,251950_WWII Online.txt,ok,World War II Online,https://en.wikipedia.org/wiki/World_War_II_Online,6.40,17317,2857
2524890,Pixel Gun 3D: PC Edition,,no_match,,,,0,0
2526380,Sword of Convallaria,,no_match,,,,0,0
2527390,Dead Rising Deluxe Remaster,2527390_Dead Rising Deluxe Remaster.txt,ok,Dead Rising (video game),https://en.wikipedia.org/wiki/Dead_Rising_(video_game),6.67,24991,4167
252870,PULSAR: Lost Colony,252870_PULSAR - Lost Colony.txt,ok,PULSAR: Lost Colony,https://en.wikipedia.org/wiki/PULSAR:_Lost_Colony,8.00,7166,1167
2529820,Wedding Witch,,no_match,,,,0,0
2532550,LIZARDS MUST DIE,,no_match,,,,0,0
2551020,One-armed robber,,no_match,,,,0,0
2552430,KINGDOM HEARTS -HD 1.5+2.5 ReMIX-,,no_match,,,,0,0
2561580,Horizon Zero Dawn Remastered,2561580_Horizon Zero Dawn Remastered.txt,ok,Horizon Zero Dawn,https://en.wikipedia.org/wiki/Horizon_Zero_Dawn,6.53,46102,7198
2567870,Chained Together,2567870_Chained Together.txt,ok,Chained Together,https://en.wikipedia.org/wiki/Chained_Together,8.00,1320,221
257420,Serious Sam 4,257420_Serious Sam 4.txt,ok,Serious Sam 4,https://en.wikipedia.org/wiki/Serious_Sam_4,8.00,7684,1296
2591280,F1 Manager 2024,2591280_F1 Manager 2024.txt,ok,F1 Manager 2024,https://en.wikipedia.org/wiki/F1_Manager_2024,8.00,2428,400
2593370,The Hungry Lamb: Traveling in the Late Ming Dynasty,2593370_The Hungry Lamb - Traveling in the Late Ming Dynasty.txt,ok,The Hungry Lamb,https://en.wikipedia.org/wiki/The_Hungry_Lamb,4.77,1154,187
2594920,Atelier Resleriana: Forgotten Alchemy and the Polar Night Liberator,2594920_Atelier Resleriana - Forgotten Alchemy and the Polar Night Liberator.txt,ok,Atelier (video game series),https://en.wikipedia.org/wiki/Atelier_(video_game_series),3.85,9259,1485
261550,Mount & Blade II: Bannerlord,261550_Mount & Blade II - Bannerlord.txt,ok,Mount & Blade II: Bannerlord,https://en.wikipedia.org/wiki/Mount_%26_Blade_II:_Bannerlord,8.00,10420,1681
2622000,Astral Party,,no_match,,,,0,0
2637990,Duck Detective: The Secret Salami,2637990_Duck Detective - The Secret Salami.txt,ok,Duck Detective: The Secret Salami,https://en.wikipedia.org/wiki/Duck_Detective:_The_Secret_Salami,8.00,12617,2076
2638370,Five Nights at Freddy's: Into the Pit,2638370_Five Nights at Freddy's - Into the Pit.txt,ok,Five Nights at Freddy's: Into the Pit,https://en.wikipedia.org/wiki/Five_Nights_at_Freddy%27s:_Into_the_Pit,8.00,6152,941
2641470,Spectre Divide,,no_match,,,,0,0
2646460,Soulmask,,no_match,,,,0,0
2653790,The Exit 8,2653790_The Exit 8.txt,ok,The Exit 8,https://en.wikipedia.org/wiki/The_Exit_8,8.00,39853,6701
2653940,Star Trek: Resurgence,2653940_Star Trek - Resurgence.txt,ok,Star Trek: Resurgence,https://en.wikipedia.org/wiki/Star_Trek:_Resurgence,8.00,4854,775
2663530,POOLS,2663530_POOLS.txt,ok,Pools (video game),https://en.wikipedia.org/wiki/Pools_(video_game),5.86,4100,680
2668080,Snowbreak: Containment Zone,,no_match,,,,0,0
2668510,Red Dead Redemption,2668510_Red Dead Redemption.txt,ok,Red Dead Redemption,https://en.wikipedia.org/wiki/Red_Dead_Redemption,8.00,40269,6250
2669320,EA SPORTS FC 25,2669320_EA SPORTS FC 25.txt,ok,EA Sports FC Mobile,https://en.wikipedia.org/wiki/EA_Sports_FC_Mobile,6.59,11680,2031
2669410,Metro Awakening,2669410_Metro Awakening.txt,ok,Metro Awakening,https://en.wikipedia.org/wiki/Metro_Awakening,8.00,4602,771
2670630,Supermarket Simulator,,no_match,,,,0,0
2678990,Minami Lane,2678990_Minami Lane.txt,ok,Minami Lane,https://en.wikipedia.org/wiki/Minami_Lane,8.00,4556,722
2679460,Metaphor: ReFantazio,2679460_Metaphor - ReFantazio.txt,ok,Metaphor: ReFantazio,https://en.wikipedia.org/wiki/Metaphor:_ReFantazio,8.00,29839,4718
2683150,Ale & Tale Tavern,,no_match,,,,0,0
268650,From the Depths,,no_match,,,,0,0
2688950,Planet Coaster 2,2688950_Planet Coaster 2.txt,ok,Planet Coaster 2,https://en.wikipedia.org/wiki/Planet_Coaster_2,8.00,3804,574
269190,Edge Of Eternity,,no_match,,,,0,0
2695490,Age of Water,,no_match,,,,0,0
2695940,PANICORE,,no_match,,,,0,0
2696480,Nothing,,no_match,,,,0,0
269770,Secrets of Grindea,269770_Secrets of Grindea.txt,ok,Secrets of Grindea,https://en.wikipedia.org/wiki/Secrets_of_Grindea,8.00,2000,333
2698780,ContractVille,,no_match,,,,0,0
2707900,NIGHT-RUNNERS PROLOGUE,,no_match,,,,0,0
2707930,Palia,2707930_Palia.txt,ok,Palia,https://en.wikipedia.org/wiki/Palia,8.00,3060,494
2707940,FPV Kamikaze Drone,,no_match,,,,0,0
2709570,Supermarket Together,2709570_Supermarket Together.txt,ok,Supermarket,https://en.wikipedia.org/wiki/Supermarket,6.26,34653,5371
272230,Sub Rosa,,no_match,,,,0,0
2725260,ENDER MAGNOLIA: Bloom in the Mist,,no_match,,,,0,0
2751000,Prince of Persia The Lost Crown,2751000_Prince of Persia The Lost Crown.txt,ok,Prince of Persia: The Lost Crown,https://en.wikipedia.org/wiki/Prince_of_Persia:_The_Lost_Crown,8.00,25001,4014
2756770,Tavern Manager Simulator 🍻,,no_match,,,,0,0
2757330,Class of '09: The Flip Side,,no_match,,,,0,0
2772750,Age of History 3,,no_match,,,,0,0
2780980,LOCKDOWN Protocol,,no_match,,,,0,0
2784840,Egg,,no_match,,,,0,0
2791440,Brighter Shores,2791440_Brighter Shores.txt,ok,Brighter Shores,https://en.wikipedia.org/wiki/Brighter_Shores,8.00,1806,286
2795000,The WereCleaner,2795000_The WereCleaner.txt,ok,The WereCleaner,https://en.wikipedia.org/wiki/The_WereCleaner,8.00,2946,504
2808930,Lust Goddess,,no_match,,,,0,0
2818260,Vigor,2818260_Vigor.txt,ok,Vigor,https://en.wikipedia.org/wiki/Vigor,8.00,1351,219
2828860,The Forever Winter,2828860_The Forever Winter.txt,ok,The Forever Winter,https://en.wikipedia.org/wiki/The_Forever_Winter,8.00,5001,748
2835570,Buckshot Roulette,2835570_Buckshot Roulette.txt,ok,Buckshot Roulette,https://en.wikipedia.org/wiki/Buckshot_Roulette,8.00,5241,896
2849080,Kingdom Rush 5: Alliance TD,,no_match,,,,0,0
285110,GearCity,,no_match,,,,0,0
2870840,Ale & Tale Tavern: First Pints,,no_match,,,,0,0
2875140,失业了，我获得了亿万游戏财产！,,no_match,,,,0,0
2878600,Harry Potter: Quidditch Champions,2878600_Harry Potter - Quidditch Champions.txt,ok,Harry Potter: Quidditch Champions,https://en.wikipedia.org/wiki/Harry_Potter:_Quidditch_Champions,8.00,4861,767
2878980,NBA 2K25,2878980_NBA 2K25.txt,ok,NBA 2K25,https://en.wikipedia.org/wiki/NBA_2K25,8.00,3271,560
2881650,Content Warning,2881650_Content Warning.txt,ok,Content Warning,https://en.wikipedia.org/wiki/Content_Warning,8.00,6871,1141
2901520,An alt girl for skoof,2901520_An alt girl for skoof.txt,ok,An Alt Girl for Skoof,https://en.wikipedia.org/wiki/An_Alt_Girl_for_Skoof,8.00,5870,974
292000,No More Room in Hell 2,292000_No More Room in Hell 2.txt,ok,No More Room in Hell,https://en.wikipedia.org/wiki/No_More_Room_in_Hell,7.71,8266,1454
2920570,Dale & Dawson Stationery Supplies,2920570_Dale & Dawson Stationery Supplies.txt,ok,Dale & Dawson Stationery Supplies,https://en.wikipedia.org/wiki/Dale_%26_Dawson_Stationery_Supplies,8.00,956,160
2923300,Banana,,no_match,,,,0,0
2933080,Crime Boss: Rockay City,2933080_Crime Boss - Rockay City.txt,ok,Crime Boss: Rockay City,https://en.wikipedia.org/wiki/Crime_Boss:_Rockay_City,8.00,4421,742
2933130,The Lord of the Rings: Return to Moria,2933130_The Lord of the Rings - Return to Moria.txt,ok,The Lord of the Rings: Return to Moria,https://en.wikipedia.org/wiki/The_Lord_of_the_Rings:_Return_to_Moria,8.00,4805,774
2951630,Total War: PHARAOH DYNASTIES,,no_match,,,,0,0
2985610,The Big Catch: Tacklebox,,no_match,,,,0,0
3035570,Assassin's Creed Mirage,3035570_Assassin's Creed Mirage.txt,ok,Assassin's Creed Mirage,https://en.wikipedia.org/wiki/Assassin%27s_Creed_Mirage,8.00,18065,2876
304390,FOR HONOR,,no_match,,,,0,0
3068300,Katawa Shoujo,,no_match,,,,0,0
3070070,TCG Card Shop Simulator,,no_match,,,,0,0
307880,Savage Lands,307880_Savage Lands.txt,ok,Savage Land,https://en.wikipedia.org/wiki/Savage_Land,7.74,16478,2753
307950,Caliber,,no_match,,,,0,0
3097560,Liar's Bar,3097560_Liar's Bar.txt,ok,Liar's Bar,https://en.wikipedia.org/wiki/Liar%27s_Bar,8.00,1620,283
3107330,Nodebuster,,no_match,,,,0,0
311260,The Guild 3,311260_The Guild 3.txt,ok,List of THQ Nordic games,https://en.wikipedia.org/wiki/List_of_THQ_Nordic_games,3.37,576,94
313120,Stranded Deep,313120_Stranded Deep.txt,ok,Stranded Deep,https://en.wikipedia.org/wiki/Stranded_Deep,8.00,6150,1028
3146520,WEBFISHING,,no_match,,,,0,0
315210,Suicide Squad: Kill the Justice League,315210_Suicide Squad - Kill the Justice League.txt,ok,Suicide Squad: Kill the Justice League,https://en.wikipedia.org/wiki/Suicide_Squad:_Kill_the_Justice_League,8.00,23411,3758
3156770,Witchfire,3156770_Witchfire.txt,ok,Witchfire,https://en.wikipedia.org/wiki/Witchfire,8.00,1601,249
325210,Arctico,,no_match,,,,0,0
326460,ShellShock Live,326460_ShellShock Live.txt,ok,ShellShock Live,https://en.wikipedia.org/wiki/ShellShock_Live,8.00,1393,249
329970,KeeperRL,,no_match,,,,0,0
330830,Tales from the Borderlands,,no_match,,,,0,0
337320,Paint the Town Red,337320_Paint the Town Red.txt,ok,Paint the Town Red (video game),https://en.wikipedia.org/wiki/Paint_the_Town_Red_(video_game),7.60,6531,1049
346010,Besiege,346010_Besiege.txt,ok,Besiege (video game),https://en.wikipedia.org/wiki/Besiege_(video_game),6.36,4474,695
347800,Ghost Song,,no_match,,,,0,0
351030,Pixel Puzzles Ultimate Jigsaw,,no_match,,,,0,0
352720,The Universim,352720_The Universim.txt,ok,The Universim,https://en.wikipedia.org/wiki/The_Universim,8.00,4162,684
357330,Space Beast Terror Fright,,no_match,,,,0,0
360430,Mafia III: Definitive Edition,360430_Mafia III - Definitive Edition.txt,ok,Mafia III,https://en.wikipedia.org/wiki/Mafia_III,4.92,19744,3249
362890,Black Mesa,362890_Black Mesa.txt,ok,Black Mesa (video game),https://en.wikipedia.org/wiki/Black_Mesa_(video_game),6.87,21727,3613
363360,Interstellar Rift,,no_match,,,,0,0
368260,Marvel's Midnight Suns,368260_Marvel's Midnight Suns.txt,ok,Marvel's Midnight Suns,https://en.wikipedia.org/wiki/Marvel%27s_Midnight_Suns,8.00,29466,4691
374280,Hired Ops,,no_match,,,,0,0
375480,Chronicon,,no_match,,,,0,0
377300,Thunder Tier One,,no_match,,,,0,0
383120,Empyrion - Galactic Survival,383120_Empyrion - Galactic Survival.txt,ok,Empyrion - Galactic Survival,https://en.wikipedia.org/wiki/Empyrion_-_Galactic_Survival,8.00,1580,248
383840,Nimbatus - The Space Drone Constructor,,no_match,,,,0,0
393380,Squad,393380_Squad.txt,ok,Squad (video game),https://en.wikipedia.org/wiki/Squad_(video_game),5.86,5596,855
397540,Borderlands 3,397540_Borderlands 3.txt,ok,Borderlands 3,https://en.wikipedia.org/wiki/Borderlands_3,8.00,27669,4495
400080,Out of Space,400080_Out of Space.txt,ok,Out of Space (video game),https://en.wikipedia.org/wiki/Out_of_Space_(video_game),7.11,1199,218
400750,Call to Arms - Gates of Hell: Ostfront,,no_match,,,,0,0
402710,Osiris: New Dawn,402710_Osiris - New Dawn.txt,ok,Osiris: New Dawn,https://en.wikipedia.org/wiki/Osiris:_New_Dawn,8.00,6633,1084
407130,Tank Mechanic Simulator,,no_match,,,,0,0
408900,Unfortunate Spacemen,,no_match,,,,0,0
412020,Metro Exodus,412020_Metro Exodus.txt,ok,Metro Exodus,https://en.wikipedia.org/wiki/Metro_Exodus,8.00,27704,4486
418530,Spelunky 2,418530_Spelunky 2.txt,ok,Spelunky 2,https://en.wikipedia.org/wiki/Spelunky_2,8.00,4244,702
420290,Blackwake,,no_match,,,,0,0
420560,Firefighting Simulator - The Squad,,no_match,,,,0,0
424370,Wolcen: Lords of Mayhem,424370_Wolcen - Lords of Mayhem.txt,ok,Wolcen: Lords of Mayhem,https://en.wikipedia.org/wiki/Wolcen:_Lords_of_Mayhem,8.00,1742,287
427410,Abiotic Factor,427410_Abiotic Factor.txt,ok,Abiotic Factor,https://en.wikipedia.org/wiki/Abiotic_Factor,8.00,18777,2940
427520,Factorio,427520_Factorio.txt,ok,Factorio,https://en.wikipedia.org/wiki/Factorio,8.00,11974,1942
427880,P.A.M.E.L.A.,427880_P.A.M.E.L.A.txt,ok,P.A.M.E.L.A.,https://en.wikipedia.org/wiki/P.A.M.E.L.A.,8.00,3702,615
427940,Industries of Titan,427940_Industries of Titan.txt,ok,Industries of Titan,https://en.wikipedia.org/wiki/Industries_of_Titan,8.00,2301,363
429790,AdventureQuest 3D,429790_AdventureQuest 3D.txt,ok,Artix Entertainment,https://en.wikipedia.org/wiki/Artix_Entertainment,4.33,10975,1729
431240,Golf With Your Friends,431240_Golf With Your Friends.txt,ok,Golf With Your Friends,https://en.wikipedia.org/wiki/Golf_With_Your_Friends,8.00,1982,330
445220,Avorion,,no_match,,,,0,0
454120,Starbase,454120_Starbase.txt,ok,Starbase (video game),https://en.wikipedia.org/wiki/Starbase_(video_game),6.56,1662,270
454350,Days of War: Definitive Edition,,no_match,,,,0,0
463530,Empires of the Undergrowth,463530_Empires of the Undergrowth.txt,ok,Empires of the Undergrowth,https://en.wikipedia.org/wiki/Empires_of_the_Undergrowth,8.00,5342,770
465200,Fury Unleashed,,no_match,,,,0,0
466630,The Pedestrian,466630_The Pedestrian.txt,ok,The Pedestrian (video game),https://en.wikipedia.org/wiki/The_Pedestrian_(video_game),7.31,3967,651
469600,Legion TD 2 - Multiplayer Tower Defense,,no_match,,,,0,0
470310,TROUBLESHOOTER: Abandoned Children,,no_match,,,,0,0
471710,Rec Room,471710_Rec Room.txt,ok,Rec Room (video game),https://en.wikipedia.org/wiki/Rec_Room_(video_game),6.56,22707,3820
473950,Manifold Garden,473950_Manifold Garden.txt,ok,Manifold Garden,https://en.wikipedia.org/wiki/Manifold_Garden,8.00,7075,1175
482400,System Shock,482400_System Shock.txt,ok,System Shock,https://en.wikipedia.org/wiki/System_Shock,8.00,30031,4812
486860,MMORPG Tycoon 2,,no_match,,,,0,0
488860,MADNESS: Project Nexus,,no_match,,,,0,0
491540,The Bus,491540_The Bus.txt,ok,The Bus (video game),https://en.wikipedia.org/wiki/The_Bus_(video_game),6.36,3112,525
493520,GTFO,493520_GTFO.txt,ok,GTFO,https://en.wikipedia.org/wiki/GTFO,8.00,290,48
494430,Praey for the Gods,494430_Praey for the Gods.txt,ok,Praey for the Gods,https://en.wikipedia.org/wiki/Praey_for_the_Gods,8.00,4428,729
494840,UBOAT,494840_UBOAT.txt,ok,Uboat (video game),https://en.wikipedia.org/wiki/Uboat_(video_game),5.86,3386,581
495420,State of Decay 2: Juggernaut Edition,,no_match,,,,0,0
505460,Foxhole,505460_Foxhole.txt,ok,Foxhole (video game),https://en.wikipedia.org/wiki/Foxhole_(video_game),6.36,7225,1129
508440,Totally Accurate Battle Simulator,508440_Totally Accurate Battle Simulator.txt,ok,Totally Accurate Battle Simulator,https://en.wikipedia.org/wiki/Totally_Accurate_Battle_Simulator,8.00,6030,1004
515960,Martha Is Dead,515960_Martha Is Dead.txt,ok,Martha Is Dead,https://en.wikipedia.org/wiki/Martha_Is_Dead,8.00,4809,787
520950,DRIFT CE,,no_match,,,,0,0
521150,Another Brick in The Mall,,no_match,,,,0,0
523660,HYPERCHARGE: Unboxed,,no_match,,,,0,0
526870,Satisfactory,526870_Satisfactory.txt,ok,Satisfactory,https://en.wikipedia.org/wiki/Satisfactory,8.00,6881,1115
529340,Victoria 3,529340_Victoria 3.txt,ok,Victoria 3,https://en.wikipedia.org/wiki/Victoria_3,8.00,4925,785
534380,Dying Light 2 Stay Human: Reloaded Edition,,no_match,,,,0,0
536270,Ancestors: The Humankind Odyssey,536270_Ancestors - The Humankind Odyssey.txt,ok,Ancestors: The Humankind Odyssey,https://en.wikipedia.org/wiki/Ancestors:_The_Humankind_Odyssey,8.00,6891,1152
538030,Xenonauts 2,538030_Xenonauts 2.txt,ok,Xenonauts 2,https://en.wikipedia.org/wiki/Xenonauts_2,8.00,3213,515
544810,KARDS - The WW2 Card Game,,no_match,,,,0,0
544920,Darwin Project,544920_Darwin Project.txt,ok,Darwin Project,https://en.wikipedia.org/wiki/Darwin_Project,8.00,2855,477
546560,Half-Life: Alyx,546560_Half-Life - Alyx.txt,ok,Half-Life: Alyx,https://en.wikipedia.org/wiki/Half-Life:_Alyx,8.00,23043,3796
548430,Deep Rock Galactic,548430_Deep Rock Galactic.txt,ok,Deep Rock Galactic,https://en.wikipedia.org/wiki/Deep_Rock_Galactic,8.00,11706,1863
550320,art of rally,,no_match,,,,0,0
552100,Brick Rigs,,no_match,,,,0,0
553420,TUNIC,,no_match,,,,0,0
553540,Phantom Brigade,553540_Phantom Brigade.txt,ok,Phantom Brigade,https://en.wikipedia.org/wiki/Phantom_Brigade,8.00,2091,356
553850,HELLDIVERS 2,553850_HELLDIVERS 2.txt,ok,Helldiver,https://en.wikipedia.org/wiki/Helldiver,7.14,1085,170
557180,League of Maidens,,no_match,,,,0,0
559650,Witch It,,no_match,,,,0,0
566440,Necromunda: Underhive Wars,566440_Necromunda - Underhive Wars.txt,ok,Necromunda: Underhive Wars,https://en.wikipedia.org/wiki/Necromunda:_Underhive_Wars,8.00,2897,472
567630,Blood of Steel,,no_match,,,,0,0
571740,Golf It!,,no_match,,,,0,0
573090,Stormworks: Build and Rescue,573090_Stormworks - Build and Rescue.txt,ok,Stormworks: Build and Rescue,https://en.wikipedia.org/wiki/Stormworks:_Build_and_Rescue,8.00,10627,1760
574980,Them's Fightin' Herds,574980_Them's Fightin' Herds.txt,ok,Them's Fightin' Herds,https://en.wikipedia.org/wiki/Them%27s_Fightin%27_Herds,8.00,24435,4053
578650,The Outer Worlds,578650_The Outer Worlds.txt,ok,The Outer Worlds,https://en.wikipedia.org/wiki/The_Outer_Worlds,8.00,34512,5498
584640,SUPER CHICKEN JUMPER,,no_match,,,,0,0
587520,Dungeons of Sundaria,,no_match,,,,0,0
589290,Holdfast: Nations At War,,no_match,,,,0,0
591460,Parkasaurus,591460_Parkasaurus.txt,ok,Parkasaurus,https://en.wikipedia.org/wiki/Parkasaurus,8.00,1730,273
594330,Visage,594330_Visage.txt,ok,Visage (video game),https://en.wikipedia.org/wiki/Visage_(video_game),6.13,12938,2115
595500,Freedom Planet 2,595500_Freedom Planet 2.txt,ok,Freedom Planet 2,https://en.wikipedia.org/wiki/Freedom_Planet_2,8.00,13783,2295
597170,Clone Drone in the Danger Zone,597170_Clone Drone in the Danger Zone.txt,ok,Clone Drone in the Danger Zone,https://en.wikipedia.org/wiki/Clone_Drone_in_the_Danger_Zone,8.00,6650,1154
597180,Old World,597180_Old World.txt,ok,Old World (video game),https://en.wikipedia.org/wiki/Old_World_(video_game),6.72,2943,499
597820,BIOMUTANT,,no_match,,,,0,0
598060,Slasher's Keep,,no_match,,,,0,0
598330,SimAirport,,no_match,,,,0,0
598550,HUNTDOWN,,no_match,,,,0,0
601050,Attack on Titan 2 - A.O.T.2,,no_match,,,,0,0
601840,Griftlands,601840_Griftlands.txt,ok,Griftlands,https://en.wikipedia.org/wiki/Griftlands,8.00,10806,1789
602960,Barotrauma,602960_Barotrauma.txt,ok,Barotrauma (video game),https://en.wikipedia.org/wiki/Barotrauma_(video_game),6.87,8671,1341
604540,Empire of Sin,604540_Empire of Sin.txt,ok,Empire of Sin (video game),https://en.wikipedia.org/wiki/Empire_of_Sin_(video_game),7.22,6570,1078
605740,"Flashing Lights - Police, Firefighting, Emergency Services (EMS) Simulator",,no_match,,,,0,0
606500,HellSign,,no_match,,,,0,0
606800,Startup Company,,no_match,,,,0,0
607080,Psychonauts 2,607080_Psychonauts 2.txt,ok,Psychonauts 2,https://en.wikipedia.org/wiki/Psychonauts_2,8.00,31438,4949
609920,Hotshot Racing,609920_Hotshot Racing.txt,ok,Hotshot Racing,https://en.wikipedia.org/wiki/Hotshot_Racing,8.00,4447,700
610370,Desperados III,610370_Desperados III.txt,ok,Desperados III,https://en.wikipedia.org/wiki/Desperados_III,8.00,13709,2261
611160,Karnage Chronicles,,no_match,,,,0,0
611500,Quake Champions,611500_Quake Champions.txt,ok,Quake Champions,https://en.wikipedia.org/wiki/Quake_Champions,8.00,3175,526
611790,House Party,611790_House Party.txt,ok,House Party (video game),https://en.wikipedia.org/wiki/House_Party_(video_game),7.00,4570,762
615120,COMPOUND,,no_match,,,,0,0
615530,"Love, Money, Rock'n'Roll",,no_match,,,,0,0
623340,Stars End,,no_match,,,,0,0
625340,XERA: Survival,,no_match,,,,0,0
625960,Stoneshard,,no_match,,,,0,0
627690,Idle Champions of the Forgotten Realms,627690_Idle Champions of the Forgotten Realms.txt,ok,Idle Champions of the Forgotten Realms,https://en.wikipedia.org/wiki/Idle_Champions_of_the_Forgotten_Realms,6.00,1733,283
628670,Hellpoint,628670_Hellpoint.txt,ok,Hellpoint,https://en.wikipedia.org/wiki/Hellpoint,8.00,1967,318
629730,Blade and Sorcery,629730_Blade and Sorcery.txt,ok,Blade & Sorcery,https://en.wikipedia.org/wiki/Blade_%26_Sorcery,7.20,8413,1449
629820,Maneater,629820_Maneater.txt,ok,Maneater (video game),https://en.wikipedia.org/wiki/Maneater_(video_game),6.56,9042,1491
632360,Risk of Rain 2,632360_Risk of Rain 2.txt,ok,Risk of Rain 2,https://en.wikipedia.org/wiki/Risk_of_Rain_2,8.00,9342,1562
633230,NARUTO TO BORUTO: SHINOBI STRIKER,,no_match,,,,0,0
638230,Journey,,no_match,,,,0,0
638510,dotAGE,,no_match,,,,0,0
648410,Colony Ship: A Post-Earth Role Playing Game,,no_match,,,,0,0
648800,Raft,648800_Raft.txt,ok,Raft (video game),https://en.wikipedia.org/wiki/Raft_(video_game),5.53,19373,3151
651670,Star Renegades,651670_Star Renegades.txt,ok,Star Renegades,https://en.wikipedia.org/wiki/Star_Renegades,8.00,3199,506
654890,Grand Tactician: The Civil War (1861-1865),,no_match,,,,0,0
656240,Heat,656240_Heat.txt,ok,Heat (video game),https://en.wikipedia.org/wiki/Heat_(video_game),5.53,1200,216
656350,UnderMine,656350_UnderMine.txt,ok,UnderMine,https://en.wikipedia.org/wiki/UnderMine,8.00,7185,1136
661130,ChilloutVR,,no_match,,,,0,0
666150,Prehistoric Kingdom,666150_Prehistoric Kingdom.txt,ok,Prehistoric Kingdom,https://en.wikipedia.org/wiki/Prehistoric_Kingdom,8.00,5233,749
667610,Ancient Cities,,no_match,,,,0,0
668580,Atomic Heart,668580_Atomic Heart.txt,ok,Atomic Heart,https://en.wikipedia.org/wiki/Atomic_Heart,8.00,22745,3563
669330,Mechabellum,669330_Mechabellum.txt,ok,Mechabellum,https://en.wikipedia.org/wiki/Mechabellum,8.00,1752,283
671860,BattleBit Remastered,671860_BattleBit Remastered.txt,ok,BattleBit Remastered,https://en.wikipedia.org/wiki/BattleBit_Remastered,8.00,11506,1795
672630,Academia : School Simulator,,no_match,,,,0,0
673610,Airport CEO,,no_match,,,,0,0
674020,World War 3,674020_World War 3.txt,ok,World War 3 (video game),https://en.wikipedia.org/wiki/World_War_3_(video_game),7.00,1544,246
674140,Bugsnax,674140_Bugsnax.txt,ok,Bugsnax,https://en.wikipedia.org/wiki/Bugsnax,8.00,12638,2015
674500,Total Tank Simulator,,no_match,,,,0,0
674930,Boyfriend Dungeon,,no_match,,,,0,0
680420,OUTRIDERS,,no_match,,,,0,0
682990,Drug Dealer Simulator,682990_Drug Dealer Simulator.txt,ok,Drug Dealer Simulator,https://en.wikipedia.org/wiki/Drug_Dealer_Simulator,8.00,3411,556
684450,Surviving the Aftermath,684450_Surviving the Aftermath.txt,ok,Surviving the Aftermath,https://en.wikipedia.org/wiki/Surviving_the_Aftermath,8.00,3259,503
686810,Hell Let Loose,686810_Hell Let Loose.txt,ok,Hell Let Loose,https://en.wikipedia.org/wiki/Hell_Let_Loose,8.00,7056,1151
690040,SUPERHOT: MIND CONTROL DELETE,,no_match,,,,0,0
691260,POPULATION: ONE,,no_match,,,,0,0
692890,Roboquest,692890_Roboquest.txt,ok,Roboquest,https://en.wikipedia.org/wiki/Roboquest,8.00,2655,416
694280,Zombie Army 4: Dead War,694280_Zombie Army 4 - Dead War.txt,ok,Zombie Army 4: Dead War,https://en.wikipedia.org/wiki/Zombie_Army_4:_Dead_War,8.00,3765,631
698670,Scorn,698670_Scorn.txt,ok,Scorn,https://en.wikipedia.org/wiki/Scorn,8.00,1025,171
699130,World War Z,699130_World War Z.txt,ok,World War Z,https://en.wikipedia.org/wiki/World_War_Z,8.00,29169,4676
700600,Evil Genius 2: World Domination,700600_Evil Genius 2 - World Domination.txt,ok,Evil Genius 2: World Domination,https://en.wikipedia.org/wiki/Evil_Genius_2:_World_Domination,8.00,5052,821
704030,Professional Farmer: Cattle and Crops,,no_match,,,,0,0
705040,HAWKEN REBORN,,no_match,,,,0,0
707030,POSTAL 4: No Regerts,,no_match,,,,0,0
712190,Genesis Alpha One Deluxe Edition,,no_match,,,,0,0
714010,Aimlabs,714010_Aimlabs.txt,ok,Aimlabs,https://en.wikipedia.org/wiki/Aimlabs,8.00,3218,486
715400,Frozen Flame,715400_Frozen Flame.txt,ok,Radical Dreamers,https://en.wikipedia.org/wiki/Radical_Dreamers,4.14,15592,2525
719040,Wasteland 3,719040_Wasteland 3.txt,ok,Wasteland 3,https://en.wikipedia.org/wiki/Wasteland_3,8.00,4539,743
720560,Vigil: The Longest Night,,no_match,,,,0,0
720620,TaleSpire,,no_match,,,,0,0
722180,SURV1V3,,no_match,,,,0,0
726110,Overcrowd: A Commute 'Em Up,726110_Overcrowd - A Commute 'Em Up.txt,ok,Overcrowd: A Commute 'Em Up,https://en.wikipedia.org/wiki/Overcrowd:_A_Commute_%27Em_Up,8.00,4432,691
727130,Between the Stars,,no_match,,,,0,0
727850,ELDERBORN,,no_match,,,,0,0
729000,Wytchwood,729000_Wytchwood.txt,ok,Wytchwood,https://en.wikipedia.org/wiki/Wytchwood,8.00,1236,194
729040,Borderlands Game of the Year Enhanced,,no_match,,,,0,0
730390,Raji: An Ancient Epic,730390_Raji - An Ancient Epic.txt,ok,Raji: An Ancient Epic,https://en.wikipedia.org/wiki/Raji:_An_Ancient_Epic,8.00,9931,1677
731040,The Invincible,731040_The Invincible.txt,ok,The Invincible (video game),https://en.wikipedia.org/wiki/The_Invincible_(video_game),7.31,3321,535
732050,Voxel Tycoon,,no_match,,,,0,0
735290,Genesis Noir,735290_Genesis Noir.txt,ok,Genesis Noir,https://en.wikipedia.org/wiki/Genesis_Noir,8.00,5669,956
736590,Operation: Harsh Doorstop,,no_match,,,,0,0
736820,Knights of Honor II: Sovereign,736820_Knights of Honor II - Sovereign.txt,ok,Knights of Honor II: Sovereign,https://en.wikipedia.org/wiki/Knights_of_Honor_II:_Sovereign,8.00,1403,220
738520,Breathedge,738520_Breathedge.txt,ok,Breathedge,https://en.wikipedia.org/wiki/Breathedge,8.00,1400,226
739630,Phasmophobia,739630_Phasmophobia.txt,ok,Phasmophobia (video game),https://en.wikipedia.org/wiki/Phasmophobia_(video_game),7.11,22305,3711
739650,Drake Hollow,739650_Drake Hollow.txt,ok,Drake Hollow,https://en.wikipedia.org/wiki/Drake_Hollow,8.00,3737,605
740130,Tales of Arise,740130_Tales of Arise.txt,ok,Tales of Arise,https://en.wikipedia.org/wiki/Tales_of_Arise,8.00,13636,2259
742420,Saints Row,742420_Saints Row.txt,ok,Saints Row,https://en.wikipedia.org/wiki/Saints_Row,8.00,25322,4238
745920,Temtem,745920_Temtem.txt,ok,Temtem,https://en.wikipedia.org/wiki/Temtem,8.00,2674,433
746850,Cloudpunk,746850_Cloudpunk.txt,ok,Cloudpunk,https://en.wikipedia.org/wiki/Cloudpunk,8.00,7855,1313
747200,Keplerth,,no_match,,,,0,0
747660,Five Nights at Freddy's: Security Breach,747660_Five Nights at Freddy's - Security Breach.txt,ok,Five Nights at Freddy's: Security Breach,https://en.wikipedia.org/wiki/Five_Nights_at_Freddy%27s:_Security_Breach,8.00,13852,2249
750130,The Sinking City,750130_The Sinking City.txt,ok,The Sinking City,https://en.wikipedia.org/wiki/The_Sinking_City,8.00,13434,2198
751630,After the Fall,,no_match,,,,0,0
753640,Outer Wilds,753640_Outer Wilds.txt,ok,Outer Wilds,https://en.wikipedia.org/wiki/Outer_Wilds,8.00,31547,5287
753650,Due Process,753650_Due Process.txt,ok,Due Process (video game),https://en.wikipedia.org/wiki/Due_Process_(video_game),7.00,1931,315
754890,Firmament,754890_Firmament.txt,ok,Firmament (video game),https://en.wikipedia.org/wiki/Firmament_(video_game),6.72,5650,917
756800,Contraband Police,756800_Contraband Police.txt,ok,Contraband Police,https://en.wikipedia.org/wiki/Contraband_Police,8.00,1604,261
757310,Sable,757310_Sable.txt,ok,Sable (video game),https://en.wikipedia.org/wiki/Sable_(video_game),5.86,7011,1111
757320,Atomicrops,757320_Atomicrops.txt,ok,Atomicrops,https://en.wikipedia.org/wiki/Atomicrops,8.00,4412,731
758690,Occupy Mars: The Game,,no_match,,,,0,0
758870,Kynseed,,no_match,,,,0,0
760160,Vampire: The Masquerade - Bloodhunt,760160_Vampire - The Masquerade - Bloodhunt.txt,ok,Vampire: The Masquerade – Bloodhunt,https://en.wikipedia.org/wiki/Vampire:_The_Masquerade_%E2%80%93_Bloodhunt,8.00,5757,909
760650,Hammerting,,no_match,,,,0,0
761830,Mr. Prepper,,no_match,,,,0,0
763890,Wildermyth,763890_Wildermyth.txt,ok,Wildermyth,https://en.wikipedia.org/wiki/Wildermyth,8.00,3168,494
765810,Mars Horizon,765810_Mars Horizon.txt,ok,Mars Horizon,https://en.wikipedia.org/wiki/Mars_Horizon,8.00,3539,570
766570,Russian Fishing 4,766570_Russian Fishing 4.txt,ok,Russian Fishing 4,https://en.wikipedia.org/wiki/Russian_Fishing_4,8.00,1779,284
768200,Smalland: Survive the Wilds,,no_match,,,,0,0
768520,Red Solstice 2: Survivors,768520_Red Solstice 2 - Survivors.txt,ok,Red Solstice 2: Survivors,https://en.wikipedia.org/wiki/Red_Solstice_2:_Survivors,8.00,733,124
770810,"Good Pizza, Great Pizza - Cooking Simulator Game",,no_match,,,,0,0
773370,Exo One,773370_Exo One.txt,ok,Exo One,https://en.wikipedia.org/wiki/Exo_One,8.00,2733,454
773790,Ostriv,773790_Ostriv.txt,ok,Ostriv,https://en.wikipedia.org/wiki/Ostriv,8.00,878,112
774181,Rhythm Doctor,774181_Rhythm Doctor.txt,ok,Rhythm Doctor,https://en.wikipedia.org/wiki/Rhythm_Doctor,8.00,2952,480
775500,SCARLET NEXUS,,no_match,,,,0,0
777130,Blush Blush,777130_Blush Blush.txt,ok,Crush Crush,https://en.wikipedia.org/wiki/Crush_Crush,5.82,6109,1000
780290,Gloomhaven,780290_Gloomhaven.txt,ok,Gloomhaven (video game),https://en.wikipedia.org/wiki/Gloomhaven_(video_game),6.87,6916,1121
780310,The Riftbreaker,780310_The Riftbreaker.txt,ok,The Riftbreaker,https://en.wikipedia.org/wiki/The_Riftbreaker,8.00,2957,485
782330,DOOM Eternal,782330_DOOM Eternal.txt,ok,Doom Eternal,https://en.wikipedia.org/wiki/Doom_Eternal,8.00,33472,5406
784150,Workers & Resources: Soviet Republic,784150_Workers & Resources - Soviet Republic.txt,ok,Workers & Resources: Soviet Republic,https://en.wikipedia.org/wiki/Workers_%26_Resources:_Soviet_Republic,8.00,4293,690
785770,Emergency Call 112 – The Fire Fighting Simulation 2,,no_match,,,,0,0
785790,WHAT THE GOLF?,785790_WHAT THE GOLF_.txt,ok,What the Golf?,https://en.wikipedia.org/wiki/What_the_Golf%3F,8.00,3401,562
787810,Rogue Heroes: Ruins of Tasos,787810_Rogue Heroes - Ruins of Tasos.txt,ok,Rogue Heroes: Ruins of Tasos,https://en.wikipedia.org/wiki/Rogue_Heroes:_Ruins_of_Tasos,8.00,2432,388
788100,Neon Abyss,788100_Neon Abyss.txt,ok,Neon Abyss,https://en.wikipedia.org/wiki/Neon_Abyss,8.00,5789,933
790710,World of Warplanes,790710_World of Warplanes.txt,ok,World of Warplanes,https://en.wikipedia.org/wiki/World_of_Warplanes,8.00,9557,1511
793460,112 Operator,793460_112 Operator.txt,ok,112 Operator,https://en.wikipedia.org/wiki/112_Operator,8.00,1965,305
794260,Outward Definitive Edition,,no_match,,,,0,0
798490,Othercide,798490_Othercide.txt,ok,Othercide,https://en.wikipedia.org/wiki/Othercide,8.00,3835,616
799600,Cosmoteer: Starship Architect & Commander,799600_Cosmoteer - Starship Architect & Commander.txt,ok,Cosmoteer,https://en.wikipedia.org/wiki/Cosmoteer,4.30,3757,579
799640,Dungeon Munchies,,no_match,,,,0,0
803050,Per Aspera,803050_Per Aspera.txt,ok,Per Aspera,https://en.wikipedia.org/wiki/Per_Aspera,8.00,2085,337
803330,Destroy All Humans!,803330_Destroy All Humans!.txt,ok,Destroy All Humans!,https://en.wikipedia.org/wiki/Destroy_All_Humans!,8.00,7952,1333
803980,Plane Mechanic Simulator,,no_match,,,,0,0
807120,Iratus: Lord of the Dead,807120_Iratus - Lord of the Dead.txt,ok,Iratus: Lord of the Dead,https://en.wikipedia.org/wiki/Iratus:_Lord_of_the_Dead,8.00,2860,455
811320,Jupiter Hell,811320_Jupiter Hell.txt,ok,Jupiter Hell,https://en.wikipedia.org/wiki/Jupiter_Hell,8.00,2656,415
813230,ANIMAL WELL,,no_match,,,,0,0
814000,ONE PIECE ODYSSEY,,no_match,,,,0,0
814370,Monster Sanctuary,814370_Monster Sanctuary.txt,ok,Monster Sanctuary,https://en.wikipedia.org/wiki/Monster_Sanctuary,8.00,4806,741
817840,Max Gentlemen Sexy Business!,,no_match,,,,0,0
820520,Deceive Inc.,820520_Deceive Inc.txt,ok,Deceive Inc.,https://en.wikipedia.org/wiki/Deceive_Inc.,8.00,4133,671
821880,Idol Manager,821880_Idol Manager.txt,ok,Idol Manager,https://en.wikipedia.org/wiki/Idol_Manager,8.00,1905,314
823950,Re:Legend,,no_match,,,,0,0
824000,Hokko Life,824000_Hokko Life.txt,ok,Hokko Life,https://en.wikipedia.org/wiki/Hokko_Life,8.00,1619,272
824550,SD GUNDAM BATTLE ALLIANCE,,no_match,,,,0,0
824600,HROT,,no_match,,,,0,0
826630,Iron Harvest,826630_Iron Harvest.txt,ok,Iron Harvest,https://en.wikipedia.org/wiki/Iron_Harvest,8.00,12753,2064
826940,Maid of Sker,826940_Maid of Sker.txt,ok,Maid of Sker (video game),https://en.wikipedia.org/wiki/Maid_of_Sker_(video_game),7.11,8767,1471
829280,Kaze and the Wild Masks,,no_match,,,,0,0
829590,CryoFall,,no_match,,,,0,0
833360,Star Valor,,no_match,,,,0,0
837470,Untitled Goose Game,837470_Untitled Goose Game.txt,ok,Untitled Goose Game,https://en.wikipedia.org/wiki/Untitled_Goose_Game,8.00,12550,2059
839770,Phoenix Point,839770_Phoenix Point.txt,ok,Phoenix Point,https://en.wikipedia.org/wiki/Phoenix_Point,8.00,26117,4165
841190,"Honey, I Joined a Cult",,no_match,,,,0,0
843380,Super Animal Royale,843380_Super Animal Royale.txt,ok,Super Animal Royale,https://en.wikipedia.org/wiki/Super_Animal_Royale,8.00,6098,1000
843390,Vertigo 2,,no_match,,,,0,0
845890,Moonbreaker,845890_Moonbreaker.txt,ok,Moonbreaker,https://en.wikipedia.org/wiki/Moonbreaker,8.00,5835,924
846030,ΔV: Rings of Saturn,846030_ΔV - Rings of Saturn.txt,ok,ΔV: Rings of Saturn,https://en.wikipedia.org/wiki/%CE%94V:_Rings_of_Saturn,8.00,1565,251
846770,DYSMANTLE,846770_DYSMANTLE.txt,ok,Dysmantle,https://en.wikipedia.org/wiki/Dysmantle,8.00,5700,855
848450,Subnautica: Below Zero,848450_Subnautica - Below Zero.txt,ok,Subnautica: Below Zero,https://en.wikipedia.org/wiki/Subnautica:_Below_Zero,8.00,10077,1602
848480,Creeper World 4,,no_match,,,,0,0
849100,Alaskan Road Truckers,,no_match,,,,0,0
850170,EMERGENCY,,no_match,,,,0,0
851850,DRAGON BALL Z: KAKAROT,,no_match,,,,0,0
855740,Bum Simulator,,no_match,,,,0,0
858210,Nova Drift,,no_match,,,,0,0
858260,Until You Fall,858260_Until You Fall.txt,ok,Until You Fall,https://en.wikipedia.org/wiki/Until_You_Fall,8.00,3289,532
858710,Gravity Circuit,,no_match,,,,0,0
858820,Tribes of Midgard,858820_Tribes of Midgard.txt,ok,Tribes of Midgard,https://en.wikipedia.org/wiki/Tribes_of_Midgard,8.00,3064,502
860510,Little Nightmares II,860510_Little Nightmares II.txt,ok,Little Nightmares II,https://en.wikipedia.org/wiki/Little_Nightmares_II,8.00,9657,1616
860890,Factory Town,,no_match,,,,0,0
861650,Session: Skate Sim,861650_Session - Skate Sim.txt,ok,Session: Skate Sim,https://en.wikipedia.org/wiki/Session:_Skate_Sim,8.00,2573,425
865610,Tails Noir,865610_Tails Noir.txt,ok,Tails Noir,https://en.wikipedia.org/wiki/Tails_Noir,8.00,1019,166
867210,Songs of Conquest,,no_match,,,,0,0
870200,Juno: New Origins,,no_match,,,,0,0
870780,Control Ultimate Edition,,no_match,,,,0,0
871540,BMX Streets,,no_match,,,,0,0
871980,Digimon Survive,871980_Digimon Survive.txt,ok,Digimon Survive,https://en.wikipedia.org/wiki/Digimon_Survive,8.00,13644,2282
872200,Rogue Company,,no_match,,,,0,0
872410,ROMANCE OF THE THREE KINGDOMS XIV,,no_match,,,,0,0
872670,SCP: 5K,872670_SCP - 5K.txt,ok,SCP Foundation,https://en.wikipedia.org/wiki/SCP_Foundation,4.40,26723,4130
873840,Truck & Logistics Simulator,,no_match,,,,0,0
874260,The Forgotten City,874260_The Forgotten City.txt,ok,The Forgotten City,https://en.wikipedia.org/wiki/The_Forgotten_City,8.00,12953,2181
874390,The Battle of Polytopia,874390_The Battle of Polytopia.txt,ok,The Battle of Polytopia,https://en.wikipedia.org/wiki/The_Battle_of_Polytopia,8.00,11142,1847
875210,Kingdom Heroes 8,,no_match,,,,0,0
881100,Noita,881100_Noita.txt,ok,Noita,https://en.wikipedia.org/wiki/Noita,8.00,374,63
882100,XCOM: Chimera Squad,882100_XCOM - Chimera Squad.txt,ok,XCOM: Chimera Squad,https://en.wikipedia.org/wiki/XCOM:_Chimera_Squad,8.00,10129,1636
883360,Beyond Blue,883360_Beyond Blue.txt,ok,Beyond Blue (video game),https://en.wikipedia.org/wiki/Beyond_Blue_(video_game),7.00,1883,297
885970,Total War: ROME REMASTERED,,no_match,,,,0,0
886250,Vegas Infinite by PokerStars,,no_match,,,,0,0
886900,Chef: A Restaurant Tycoon Game,,no_match,,,,0,0
887570,NEBULOUS: Fleet Command,,no_match,,,,0,0
890550,RUMBLE,,no_match,,,,0,0
890720,In Other Waters,890720_In Other Waters.txt,ok,In Other Waters,https://en.wikipedia.org/wiki/In_Other_Waters,8.00,2260,354
892970,Valheim,892970_Valheim.txt,ok,Valheim,https://en.wikipedia.org/wiki/Valheim,8.00,8504,1406
893850,THE LONGING,893850_THE LONGING.txt,ok,The Longing,https://en.wikipedia.org/wiki/The_Longing,8.00,11796,1934
894940,Littlewood,,no_match,,,,0,0
895400,Deadside,,no_match,,,,0,0
895620,Spellcaster University,,no_match,,,,0,0
895870,Project Wingman,895870_Project Wingman.txt,ok,Project Wingman,https://en.wikipedia.org/wiki/Project_Wingman,8.00,13713,2132
897450,The Survivalists,897450_The Survivalists.txt,ok,The Survivalists,https://en.wikipedia.org/wiki/The_Survivalists,8.00,1864,315
897730,Among Trees,,no_match,,,,0,0
8980,Borderlands Game of the Year,,no_match,,,,0,0
898750,Super Robot Wars 30,898750_Super Robot Wars 30.txt,ok,List of Super Robot Wars video games,https://en.wikipedia.org/wiki/List_of_Super_Robot_Wars_video_games,5.71,715,117
898890,Endling - Extinction is Forever,898890_Endling - Extinction is Forever.txt,ok,Endling: Extinction is Forever,https://en.wikipedia.org/wiki/Endling:_Extinction_is_Forever,8.00,4073,719
898920,Axis & Allies 1942 Online,,no_match,,,,0,0
899770,Last Epoch,899770_Last Epoch.txt,ok,Last Epoch,https://en.wikipedia.org/wiki/Last_Epoch,8.00,1608,254
900040,ELEX II,900040_ELEX II.txt,ok,ELEX II,https://en.wikipedia.org/wiki/ELEX_II,8.00,2325,379
903950,Last Oasis,,no_match,,,,0,0
906100,Observation,906100_Observation.txt,ok,Observation (video game),https://en.wikipedia.org/wiki/Observation_(video_game),7.00,13499,2256
907650,Stronghold: Warlords,907650_Stronghold - Warlords.txt,ok,Stronghold: Warlords,https://en.wikipedia.org/wiki/Stronghold:_Warlords,8.00,1534,244
909660,Vagrus - The Riven Realms,,no_match,,,,0,0
910490,Killsquad,910490_Killsquad.txt,ok,Killsquad,https://en.wikipedia.org/wiki/Killsquad,8.00,3347,553
911430,Good Company,,no_match,,,,0,0
913740,WORLD OF HORROR,,no_match,,,,0,0
914010,Train Station Renovation,,no_match,,,,0,0
914800,Coffee Talk,914800_Coffee Talk.txt,ok,Coffee Talk (video game),https://en.wikipedia.org/wiki/Coffee_Talk_(video_game),7.00,10273,1664
915310,SNKRX,,no_match,,,,0,0
915320,Pixel Strike 3D,,no_match,,,,0,0
915600,Them and Us,,no_match,,,,0,0
915810,Midnight Ghost Hunt,,no_match,,,,0,0
917720,Gamedec - Definitive Edition,,no_match,,,,0,0
918570,Century: Age of Ashes,918570_Century - Age of Ashes.txt,ok,Century: Age of Ashes,https://en.wikipedia.org/wiki/Century:_Age_of_Ashes,8.00,2586,446
919360,Alaloth: Champions of The Four Kingdoms,,no_match,,,,0,0
920210,LEGO Star Wars: The Skywalker Saga,,no_match,,,,0,0
921800,Encased: A Sci-Fi Post-Apocalyptic RPG,921800_Encased - A Sci-Fi Post-Apocalyptic RPG.txt,ok,Encased,https://en.wikipedia.org/wiki/Encased,3.91,2669,425
924970,Back 4 Blood,924970_Back 4 Blood.txt,ok,Back 4 Blood,https://en.wikipedia.org/wiki/Back_4_Blood,8.00,8838,1441
924980,Trials of Mana,924980_Trials of Mana.txt,ok,Trials of Mana,https://en.wikipedia.org/wiki/Trials_of_Mana,8.00,28624,4813
925570,The Uncertain: Light At The End,,no_match,,,,0,0
926140,CHANGE: A Homeless Survival Experience,,no_match,,,,0,0
928960,Godfall Ultimate Edition,,no_match,,,,0,0
933110,Age of Empires III: Definitive Edition,933110_Age of Empires III - Definitive Edition.txt,ok,Age of Empires III: Definitive Edition,https://en.wikipedia.org/wiki/Age_of_Empires_III:_Definitive_Edition,8.00,4315,682
933820,Endzone - A World Apart,933820_Endzone - A World Apart.txt,ok,Endzone: A World Apart,https://en.wikipedia.org/wiki/Endzone:_A_World_Apart,8.00,1713,264
934700,Dead Island 2,934700_Dead Island 2.txt,ok,Dead Island 2,https://en.wikipedia.org/wiki/Dead_Island_2,8.00,27534,4465
936790,Life is Strange: True Colors,,no_match,,,,0,0
938560,INMOST,,no_match,,,,0,0
939100,Darksburg,,no_match,,,,0,0
939400,LoveChoice,,no_match,,,,0,0
941460,Death Trash,,no_match,,,,0,0
946050,Soda Dungeon 2,,no_match,,,,0,0
946720,To The Rescue!,,no_match,,,,0,0
949230,Cities: Skylines II,,no_match,,,,0,0
949290,Winkeltje: The Little Shop,,no_match,,,,0,0
952060,Resident Evil 3,952060_Resident Evil 3.txt,ok,Resident Evil 3: Nemesis,https://en.wikipedia.org/wiki/Resident_Evil_3:_Nemesis,6.74,20572,3311
953490,CARRION,,no_match,,,,0,0
953880,First Class Trouble,,no_match,,,,0,0
954850,Kerbal Space Program 2,954850_Kerbal Space Program 2.txt,ok,Kerbal Space Program 2,https://en.wikipedia.org/wiki/Kerbal_Space_Program_2,8.00,4138,649
955050,Bright Memory,955050_Bright Memory.txt,ok,Bright Memory,https://en.wikipedia.org/wiki/Bright_Memory,8.00,3608,589
955900,Amazing Cultivation Simulator,955900_Amazing Cultivation Simulator.txt,ok,Amazing Cultivation Simulator,https://en.wikipedia.org/wiki/Amazing_Cultivation_Simulator,8.00,6171,979
956030,Creaks,956030_Creaks.txt,ok,Creaks,https://en.wikipedia.org/wiki/Creaks,8.00,6784,1114
957790,War Dust VR: 32v32 Battlefields,,no_match,,,,0,0
958400,Project CARS 3,958400_Project CARS 3.txt,ok,Project CARS 3,https://en.wikipedia.org/wiki/Project_CARS_3,8.00,4792,795
960170,DJMAX RESPECT V,,no_match,,,,0,0
960910,Heavy Rain,960910_Heavy Rain.txt,ok,Heavy Rain,https://en.wikipedia.org/wiki/Heavy_Rain,8.00,18909,3098
960990,Beyond: Two Souls,960990_Beyond - Two Souls.txt,ok,Beyond: Two Souls,https://en.wikipedia.org/wiki/Beyond:_Two_Souls,8.00,19617,3169
961200,Predecessor,961200_Predecessor.txt,ok,Predecessor (video game),https://en.wikipedia.org/wiki/Predecessor_(video_game),7.00,6355,973
962130,Grounded,962130_Grounded.txt,ok,Grounded (video game),https://en.wikipedia.org/wiki/Grounded_(video_game),6.56,9965,1664
962580,Summer in Mara,,no_match,,,,0,0
962730,Skater XL - The Ultimate Skateboarding Game,,no_match,,,,0,0
964800,Prodeus,964800_Prodeus.txt,ok,Prodeus,https://en.wikipedia.org/wiki/Prodeus,8.00,4293,711
965580,Root,,no_match,,,,0,0
968250,King of Retail,,no_match,,,,0,0
968870,Close to the Sun,968870_Close to the Sun.txt,ok,Close to the Sun (video game),https://en.wikipedia.org/wiki/Close_to_the_Sun_(video_game),7.47,8985,1505
968970,Lumberjack's Dynasty,,no_match,,,,0,0
969760,Omno,,no_match,,,,0,0
969990,SpongeBob SquarePants: Battle for Bikini Bottom - Rehydrated,969990_SpongeBob SquarePants - Battle for Bikini Bottom - Rehydrated.txt,ok,SpongeBob SquarePants: Battle for Bikini Bottom – Rehydrated,https://en.wikipedia.org/wiki/SpongeBob_SquarePants:_Battle_for_Bikini_Bottom_%E2%80%93_Rehydrated,8.00,6756,1097
970830,The Dungeon Of Naheulbeuk: The Amulet Of Chaos,,no_match,,,,0,0
972660,Spiritfarer: Farewell Edition,972660_Spiritfarer - Farewell Edition.txt,ok,Spiritfarer,https://en.wikipedia.org/wiki/Spiritfarer,5.38,8165,1346
973230,We Who Are About To Die,,no_match,,,,0,0
973810,Journey To The Savage Planet,,no_match,,,,0,0
975370,Dwarf Fortress,975370_Dwarf Fortress.txt,ok,Dwarf Fortress,https://en.wikipedia.org/wiki/Dwarf_Fortress,8.00,42657,6962
976590,Bus Simulator 21 Next Stop,,no_match,,,,0,0
976890,Hidden Deep,,no_match,,,,0,0
977400,Cell to Singularity - Evolution Never Ends,977400_Cell to Singularity - Evolution Never Ends.txt,ok,Cell to Singularity,https://en.wikipedia.org/wiki/Cell_to_Singularity,5.86,6863,1021
977880,Eastward,977880_Eastward.txt,ok,Eastward (video game),https://en.wikipedia.org/wiki/Eastward_(video_game),6.56,13669,2239
978300,Saints Row: The Third Remastered,978300_Saints Row - The Third Remastered.txt,ok,Saints Row: The Third,https://en.wikipedia.org/wiki/Saints_Row:_The_Third,6.71,28370,4605
978780,STORY OF SEASONS: Friends of Mineral Town,,no_match,,,,0,0
979110,Space Haven,979110_Space Haven.txt,ok,Space Haven,https://en.wikipedia.org/wiki/Space_Haven,8.00,2873,453
979640,Cepheus Protocol,,no_match,,,,0,0
979690,The Ascent,979690_The Ascent.txt,ok,The Ascent (video game),https://en.wikipedia.org/wiki/The_Ascent_(video_game),6.87,6785,1109
980610,Quaver,,no_match,,,,0,0
981430,Gordian Quest,,no_match,,,,0,0
982290,Airborne Kingdom,982290_Airborne Kingdom.txt,ok,Airborne Kingdom,https://en.wikipedia.org/wiki/Airborne_Kingdom,8.00,3107,494
982720,Paradise Lost,982720_Paradise Lost.txt,ok,Far Cry Instincts,https://en.wikipedia.org/wiki/Far_Cry_Instincts,4.00,10274,1715
983870,FOUNDRY,,no_match,,,,0,0
983970,Haven,983970_Haven.txt,ok,Haven,https://en.wikipedia.org/wiki/Haven,8.00,3292,516
985810,GrandChase,,no_match,,,,0,0
985830,SUCCUBUS,,no_match,,,,0,0
985890,Streets of Rage 4,985890_Streets of Rage 4.txt,ok,Streets of Rage 4,https://en.wikipedia.org/wiki/Streets_of_Rage_4,8.00,11344,1915
986130,Shadows of Doubt,986130_Shadows of Doubt.txt,ok,Shadows of Doubt,https://en.wikipedia.org/wiki/Shadows_of_Doubt,8.00,10475,1637
987840,Expeditions: Rome,987840_Expeditions - Rome.txt,ok,Expeditions: Rome,https://en.wikipedia.org/wiki/Expeditions:_Rome,8.00,5683,909
990080,Hogwarts Legacy,990080_Hogwarts Legacy.txt,ok,Hogwarts Legacy,https://en.wikipedia.org/wiki/Hogwarts_Legacy,8.00,32199,4990
990630,The Last Campfire,990630_The Last Campfire.txt,ok,The Last Campfire,https://en.wikipedia.org/wiki/The_Last_Campfire,8.00,1798,294
991170,Barn Finders,,no_match,,,,0,0
991270,The Legend of Heroes: Trails of Cold Steel III,991270_The Legend of Heroes - Trails of Cold Steel III.txt,ok,The Legend of Heroes: Trails of Cold Steel III,https://en.wikipedia.org/wiki/The_Legend_of_Heroes:_Trails_of_Cold_Steel_III,8.00,9111,1545
992300,嗜血印 Bloody Spell,,no_match,,,,0,0
994140,Lightmatter,,no_match,,,,0,0
994220,NEOVERSE,,no_match,,,,0,0
995980,Fae Tactics,,no_match,,,,0,0
997010,Police Simulator: Patrol Officers,997010_Police Simulator - Patrol Officers.txt,ok,Police Simulator: Patrol Officers,https://en.wikipedia.org/wiki/Police_Simulator:_Patrol_Officers,8.00,3817,626
998740,Ring of Pain,,no_match,,,,0,0
999020,Mega Man Zero/ZX Legacy Collection,999020_Mega Man Zero_ZX Legacy Collection.txt,ok,Mega Man Zero/ZX Legacy Collection,https://en.wikipedia.org/wiki/Mega_Man_Zero/ZX_Legacy_Collection,8.00,2753,443
